25,50,75,100,m
0.30000000000000004,0.30000000000000004,0.30000000000000004,0.19999999999999996,10
0.09999999999999998,0.25,0.4,0.30000000000000004,20
0.1333333333333333,0.23333333333333328,0.033333333333333326,0.4,30
0.17500000000000004,0.30000000000000004,0.30000000000000004,0.32499999999999996,40
0.09999999999999998,0.09999999999999998,0.16000000000000003,0.14,50
0.25,0.21666666666666667,0.23333333333333328,0.21666666666666667,60
0.1428571428571429,0.19999999999999996,0.22857142857142854,0.17142857142857137,70
0.09999999999999998,0.16249999999999998,0.125,0.1875,80
0.24444444444444446,0.15555555555555556,0.25555555555555554,0.16666666666666663,90
0.06000000000000005,0.19999999999999996,0.24,0.30000000000000004,100
0.13636363636363635,0.19090909090909092,0.13636363636363635,0.21818181818181814,110
0.19999999999999996,0.125,0.07499999999999996,0.15833333333333333,120
0.15384615384615385,0.13076923076923075,0.2153846153846154,0.12307692307692308,130
0.19285714285714295,0.12857142857142856,0.13571428571428568,0.15000000000000002,140
-0.020000000000000018,0.09999999999999998,0.19999999999999996,0.19333333333333336,150
0.0625,0.14375000000000004,0.14375000000000004,0.1875,160
0.05882352941176461,0.12352941176470589,0.20000000000000007,0.19999999999999996,170
0.03888888888888886,0.23888888888888893,0.1166666666666667,0.11111111111111116,180
0.010526315789473606,0.12631578947368427,0.18947368421052635,0.1578947368421053,190
0.06000000000000005,0.135,0.17000000000000004,0.18499999999999994,200
0.09047619047619049,0.1428571428571428,0.1428571428571429,0.12857142857142856,210
0.027272727272727337,0.09999999999999998,0.1636363636363637,0.07727272727272727,220
0.004347826086956497,0.13478260869565217,0.18260869565217386,0.22608695652173916,230
0.06666666666666665,0.10416666666666663,0.1416666666666666,0.17500000000000004,240
0.040000000000000036,0.08400000000000007,0.19599999999999995,0.23199999999999998,250
0.03076923076923077,0.1461538461538462,0.2153846153846154,0.14230769230769236,260
0.0037037037037037646,0.08148148148148149,0.12962962962962954,0.1962962962962963,270
0.0357142857142857,0.13928571428571423,0.2142857142857143,0.15714285714285714,280
0.07586206896551728,0.09310344827586203,0.14827586206896548,0.23793103448275865,290
-0.0033333333333332993,0.08333333333333337,0.12,0.19333333333333336,300
0.02580645161290329,0.08064516129032262,0.12903225806451613,0.14516129032258063,310
0.015625,0.04062500000000002,0.09375,0.18437499999999996,320
0.039393939393939315,0.0696969696969697,0.13636363636363635,0.17575757575757578,330
0.04117647058823526,0.04705882352941171,0.12941176470588234,0.10882352941176465,340
0.05428571428571427,0.05999999999999994,0.24857142857142855,0.2657142857142857,350
0.04166666666666663,0.08333333333333326,0.1166666666666667,0.1527777777777778,360
0.05945945945945941,0.09999999999999998,0.08378378378378382,0.21351351351351355,370
0.015789473684210575,0.021052631578947323,0.1499999999999999,0.15526315789473688,380
0.00512820512820511,0.048717948717948656,0.10512820512820509,0.18461538461538463,390
0.08250000000000002,0.0625,0.10250000000000004,0.21499999999999997,400
0.009756097560975618,0.039024390243902474,0.12439024390243902,0.224390243902439,410
0.0357142857142857,0.10476190476190472,0.1499999999999999,0.20238095238095244,420
0.06279069767441858,0.0976744186046512,0.09069767441860466,0.16976744186046522,430
0.00454545454545463,0.020454545454545392,0.09772727272727277,0.15227272727272723,440
0.022222222222222254,0.022222222222222254,0.09999999999999998,0.20000000000000007,450
0.047826086956521685,0.09565217391304348,0.11739130434782608,0.1760869565217391,460
0.03191489361702127,0.008510638297872242,0.10638297872340419,0.12127659574468086,470
-0.004166666666666652,0.05625000000000002,0.10416666666666663,0.1333333333333333,480
0.022448979591836782,0.022448979591836782,0.048979591836734615,0.0775510204081632,490
0.0020000000000000018,0.01200000000000001,0.06400000000000006,0.06600000000000006,500
0.02352941176470591,0.056862745098039236,0.06274509803921569,0.11764705882352933,510
0.019230769230769162,0.03076923076923077,0.08269230769230773,0.1384615384615384,520
0.009433962264150941,0.015094339622641506,0.05283018867924527,0.08490566037735847,530
0.016666666666666607,0.033333333333333326,0.03518518518518521,0.09259259259259256,540
0.06181818181818177,0.052727272727272734,0.06909090909090909,0.16181818181818186,550
-0.010714285714285676,0.03035714285714286,0.07499999999999996,0.10535714285714282,560
0.007017543859649145,0.03508771929824561,0.0368421052631579,0.09298245614035094,570
0.024137931034482807,0.04137931034482756,0.0482758620689655,0.09482758620689657,580
0.025423728813559365,0.03220338983050852,0.07457627118644061,0.11694915254237293,590
0.021666666666666612,0.019999999999999907,0.04500000000000004,0.09333333333333327,600
0.00983606557377048,-0.0016393442622950616,0.0360655737704918,0.07540983606557372,610
0.029032258064516148,0.022580645161290325,0.05161290322580636,0.10161290322580652,620
0.025396825396825418,-0.014285714285714346,0.080952380952381,0.08412698412698405,630
-0.010937499999999933,-0.018749999999999933,0.043749999999999956,0.012499999999999956,640
0.03384615384615386,0.0476923076923077,0.05076923076923079,0.08307692307692316,650
0.021212121212121238,0.010606060606060508,0.08484848484848484,0.11969696969696975,660
0.028358208955223896,0.0343283582089553,0.07761194029850749,0.14179104477611937,670
0.00588235294117645,0.019117647058823573,0.055882352941176494,0.10588235294117654,680
0.033333333333333326,0.05507246376811592,0.04492753623188406,0.09275362318840574,690
-0.005714285714285783,0.040000000000000036,0.05714285714285705,0.030000000000000027,700
0.023943661971830954,0.06056338028169017,0.06338028169014087,0.08169014084507042,710
0.01388888888888895,-0.006944444444444531,0.015277777777777835,0.030555555555555558,720
0.016438356164383494,0.03698630136986303,0.008219178082191747,0.039726027397260166,730
-0.0175675675675675,0.005405405405405461,0.012162162162162149,0.014864864864864824,740
0.028000000000000025,0.009333333333333416,0.08400000000000007,0.07733333333333337,750
0.021052631578947434,0.02631578947368418,0.05394736842105263,0.06578947368421051,760
-0.011688311688311637,-0.0051948051948051965,0.03116883116883118,0.05324675324675321,770
0.011538461538461608,0.017948717948717996,-0.014102564102564163,0.043589743589743546,780
0.0,0.044303797468354444,0.024050632911392422,0.08481012658227838,790
-0.0012499999999999734,0.01749999999999996,0.0462499999999999,0.08374999999999999,800
0.00864197530864197,0.013580246913580174,0.024691358024691357,0.050617283950617264,810
-0.004878048780487809,0.017073170731707332,-0.012195121951219523,0.040243902439024315,820
-0.002409638554216831,0.026506024096385472,0.033734939759036076,0.053012048192771166,830
-0.004761904761904745,0.025000000000000022,0.029761904761904767,0.04761904761904767,840
0.02352941176470591,0.03764705882352937,0.005882352941176561,0.05294117647058827,850
0.005813953488372103,0.01744186046511631,0.015116279069767535,0.04767441860465116,860
0.02643678160919538,0.012643678160919603,0.05517241379310345,0.060919540229885105,870
0.002272727272727204,0.01931818181818179,0.05909090909090908,0.040909090909090895,880
0.013483146067415741,0.013483146067415741,0.03146067415730336,0.05842696629213484,890
0.013333333333333308,0.03111111111111109,0.018888888888888955,0.0344444444444445,900
0.047252747252747196,0.03516483516483515,0.01978021978021982,0.038461538461538436,910
0.007608695652173925,-0.0021739130434782483,0.010869565217391353,0.033695652173913015,920
0.027956989247311825,0.0021505376344086446,0.02580645161290318,0.031182795698924792,930
-0.0010638297872340718,0.021276595744680882,0.030851063829787306,0.044680851063829796,940
0.012631578947368438,0.0,0.0,0.05789473684210522,950
0.022916666666666585,0.015625,0.009375000000000022,0.05833333333333335,960
0.017525773195876226,0.019587628865979423,0.03298969072164948,0.06494845360824753,970
-0.004081632653061162,0.00612244897959191,0.037755102040816335,0.05816326530612237,980
0.015151515151515249,-0.0010101010101010166,0.016161616161616155,0.04141414141414135,990
0.009000000000000008,0.013000000000000012,0.041000000000000036,0.05300000000000005,1000
-0.000990099009900991,0.007920792079207928,0.025742574257425765,0.01881188118811883,1010
-0.00588235294117645,0.03431372549019607,0.039215686274509776,0.032352941176470584,1020
-0.011650485436893177,-0.001941747572815511,0.022330097087378653,0.015533980582524198,1030
0.008653846153846234,0.00576923076923086,0.011538461538461497,0.006730769230769207,1040
0.024761904761904763,0.018095238095238053,0.05142857142857138,0.036190476190476106,1050
0.03396226415094339,0.0037735849056603765,0.04999999999999993,0.025471698113207486,1060
0.03925233644859816,0.03084112149532714,0.021495327102803774,0.03457943925233653,1070
0.02499999999999991,0.008333333333333304,0.05092592592592593,0.04907407407407405,1080
0.026605504587155937,0.019266055045871533,0.022018348623853212,0.04862385321100915,1090
0.043636363636363584,0.047272727272727355,0.039090909090909176,0.051818181818181874,1100
-0.008108108108108136,0.006306306306306353,0.02522522522522519,0.04054054054054057,1110
0.021428571428571463,0.010714285714285787,0.04107142857142865,0.04107142857142865,1120
0.007964601769911539,0.018584070796460073,0.007964601769911428,0.0513274336283186,1130
-0.016666666666666607,-0.004385964912280715,0.010526315789473717,0.021052631578947323,1140
0.00521739130434784,-0.00782608695652176,0.037391304347826115,0.017391304347826098,1150
0.010344827586206917,0.020689655172413834,0.020689655172413723,0.03706896551724137,1160
-0.0008547008547008517,0.009401709401709368,0.004273504273504258,0.022222222222222254,1170
-0.003389830508474634,0.012711864406779738,0.021186440677966156,0.031355932203389836,1180
0.013445378151260456,0.009243697478991675,0.020168067226890685,0.03445378151260503,1190
0.007499999999999951,0.022499999999999964,0.020000000000000018,0.04749999999999999,1200
-0.0033057851239669533,-0.006611570247933907,0.045454545454545414,0.02892561983471076,1210
0.008196721311475419,0.02622950819672132,0.04754098360655734,0.04590163934426228,1220
0.012195121951219523,0.02195121951219514,0.04065040650406504,0.030081300813008194,1230
-0.012903225806451646,0.003225806451612856,0.016129032258064502,0.031451612903225734,1240
0.0008000000000000229,0.008000000000000007,0.015199999999999991,0.015999999999999903,1250
0.024603174603174627,0.026984126984127,0.05793650793650795,0.04761904761904756,1260
0.018110236220472475,0.0007874015748031704,0.026771653543307128,0.018897637795275535,1270
-0.010937499999999933,0.0234375,0.014062499999999978,0.013281250000000022,1280
-0.009302325581395321,0.009302325581395321,0.0007751937984495916,0.04031007751937987,1290
0.013846153846153841,0.019230769230769162,0.016153846153846074,0.039999999999999925,1300
0.013740458015267132,0.010687022900763288,0.028244274809160252,0.02977099236641212,1310
0.025757575757575757,0.018939393939393923,0.02803030303030296,0.027272727272727226,1320
0.015037593984962405,-0.0015037593984962294,0.051127819548872244,0.024060150375939893,1330
0.02238805970149249,0.013432835820895606,0.03507462686567164,0.004477611940298498,1340
0.008888888888888835,0.015555555555555656,0.034074074074074034,0.04222222222222216,1350
-0.003676470588235281,0.011029411764705843,0.0,0.006617647058823617,1360
0.007299270072992692,0.011678832116788329,0.01897810218978102,0.02116788321167884,1370
-0.0014492753623188692,0.03913043478260869,0.009420289855072372,0.01376811594202898,1380
-0.003597122302158362,0.010071942446043258,0.01366906474820151,0.03309352517985609,1390
0.01571428571428568,0.021428571428571463,0.027142857142857135,0.03214285714285714,1400
0.0021276595744681437,0.008510638297872353,0.029787234042553234,0.014184397163120588,1410
0.03661971830985922,0.03028169014084503,0.04436619718309864,0.04507042253521121,1420
-0.020279720279720248,-0.00419580419580412,0.006993006993007089,0.009090909090909038,1430
0.01388888888888884,0.029861111111111116,0.04236111111111118,0.01666666666666672,1440
-0.0027586206896551557,0.0034482758620689724,0.010344827586206917,0.011034482758620623,1450
0.021232876712328763,0.014383561643835585,0.007534246575342407,-0.006849315068493178,1460
0.014965986394557818,0.0027210884353741083,0.014285714285714346,0.0020408163265305257,1470
0.023648648648648685,0.025675675675675746,0.023648648648648685,0.018243243243243334,1480
-0.014765100671140896,0.007382550335570448,0.006711409395973145,0.0154362416107382,1490
0.005333333333333301,0.016666666666666607,0.012666666666666604,0.028000000000000025,1500
-0.003973509933774877,-0.0033112582781457123,0.007284768211920478,0.02251655629139071,1510
-0.008552631578947367,0.020394736842105243,0.018421052631578894,0.03618421052631582,1520
0.0,0.0117647058823529,0.02352941176470591,0.025490196078431393,1530
0.013636363636363669,0.013636363636363558,0.014935064935064912,0.029870129870129936,1540
0.012258064516128986,0.029032258064516148,-0.002580645161290307,0.03806451612903228,1550
0.002564102564102555,0.02115384615384619,0.008974358974358942,0.03589743589743588,1560
0.01847133757961783,0.017834394904458595,0.007006369426751591,0.010191082802547768,1570
0.036708860759493644,0.021518987341772156,0.02088607594936709,0.006329113924050556,1580
-0.0062893081761006275,0.0018867924528301883,0.01635220125786163,0.019496855345911945,1590
0.02562500000000001,0.01375000000000004,0.018749999999999933,0.036250000000000004,1600
0.011180124223602483,0.009937888198757738,-0.0031055900621118626,0.024223602484472084,1610
0.0037037037037037646,0.023456790123456694,0.01790123456790127,0.0030864197530864335,1620
-0.007361963190184118,0.01411042944785268,0.013496932515337456,0.022699386503067465,1630
-0.0024390243902439046,0.02073170731707319,0.021341463414634165,0.028048780487804903,1640
0.00848484848484854,-0.0018181818181818299,0.025454545454545507,0.01151515151515159,1650
0.009638554216867434,0.007831325301204783,0.01807228915662651,-0.001204819277108471,1660
0.0119760479041916,-0.017964071856287456,0.012574850299401197,0.016766467065868262,1670
-0.004166666666666652,-0.0071428571428571175,0.020238095238095277,0.025595238095238115,1680
0.0017751479289941363,0.0017751479289941363,0.02721893491124261,0.011834319526627168,1690
0.018823529411764683,-0.004705882352941115,0.010000000000000009,0.016470588235294126,1700
0.0029239766081871066,-0.004678362573099393,0.027485380116959113,0.019883040935672502,1710
-0.005813953488371992,0.01744186046511631,0.018023255813953476,0.01104651162790704,1720
-0.0023121387283236983,0.016184971098265888,0.009826589595375745,0.01965317919075149,1730
0.009770114942528774,0.01839080459770115,0.009770114942528774,0.012068965517241459,1740
0.009714285714285675,0.014285714285714235,0.01828571428571424,0.01828571428571424,1750
-0.014204545454545414,0.00738636363636358,0.011363636363636354,0.02386363636363642,1760
0.00790960451977396,0.002259887005649719,0.011299435028248594,0.008474576271186418,1770
0.024157303370786476,0.010112359550561778,-0.0011235955056180247,0.017977528089887618,1780
0.012290502793296132,0.007821229050279266,0.01508379888268152,0.027932960893854664,1790
-0.0022222222222222365,0.011666666666666603,0.01722222222222225,0.012777777777777777,1800
0.007182320441988965,0.017127071823204387,0.013259668508287303,0.014917127071823244,1810
0.014835164835164893,0.00219780219780219,0.00879120879120876,0.02637362637362639,1820
0.0010928961748633004,0.010928961748633892,0.008743169398907069,0.022950819672131084,1830
0.011956521739130421,0.005434782608695676,0.008695652173912993,0.011956521739130421,1840
-0.007567567567567601,0.005945945945945996,0.013513513513513487,0.016216216216216273,1850
-0.006451612903225823,0.020967741935483786,0.0,0.03655913978494629,1860
-0.008021390374331472,0.005347593582887722,0.00588235294117645,0.018181818181818188,1870
0.01755319148936163,0.005319148936170248,0.019680851063829885,0.01382978723404249,1880
0.014814814814814836,0.012698412698412764,0.006878306878306817,0.025396825396825418,1890
0.011578947368421022,0.017894736842105297,-0.000526315789473708,0.028421052631578902,1900
-0.008376963350785305,0.01308900523560208,0.021989528795811508,0.029319371727748678,1910
0.0010416666666667185,-0.009895833333333326,0.01666666666666672,0.015625,1920
-0.006217616580310947,0.00829015544041456,0.02694300518134718,0.024352331606217636,1930
-0.01443298969072171,0.003092783505154628,0.012371134020618624,0.018041237113401998,1940
-0.004102564102564155,0.02564102564102566,0.007692307692307665,0.03435897435897428,1950
-0.01989795918367354,0.019387755102040827,0.018877551020408112,0.01734693877551019,1960
0.012690355329949221,0.014213197969543123,0.024365482233502544,0.02639593908629445,1970
0.02474747474747474,0.026767676767676774,0.02323232323232327,0.01868686868686864,1980
0.01005025125628145,0.020603015075376985,0.03165829145728638,0.027638190954773934,1990
0.0034999999999999476,0.017000000000000015,0.018500000000000072,0.007499999999999951,2000
0.007462686567164201,0.011442786069651767,0.0268656716417911,-0.0009950248756219748,2010
0.0034653465346534684,0.0034653465346534684,0.0217821782178218,0.01980198019801982,2020
0.017241379310344862,0.001477832512315258,0.019211822660098576,0.022167487684729092,2030
-0.013725490196078494,0.013235294117647012,0.00588235294117645,0.011274509803921529,2040
-0.0004878048780487809,0.0,0.01658536585365855,0.017073170731707332,2050
0.005339805825242738,0.006796116504854344,0.009223300970873871,0.019902912621359237,2060
-0.011594202898550732,-0.0004830917874396601,0.009178743961352653,0.005797101449275366,2070
0.009615384615384581,0.0024038461538461453,0.013942307692307754,0.02499999999999991,2080
0.0052631578947368585,0.01483253588516753,0.019617224880382755,0.03205741626794256,2090
0.0028571428571428914,0.0033333333333332993,0.021428571428571463,0.010000000000000009,2100
-0.012796208530805764,0.006635071090047462,0.027962085308056883,-0.0033175355450237864,2110
0.009433962264150941,0.01132075471698113,0.014622641509434042,0.014622641509433931,2120
-0.0009389671361501595,0.007511737089201831,0.0032863849765258912,0.022065727699530524,2130
0.0032710280373831058,-0.004205607476635453,0.017757009345794383,0.029439252336448618,2140
0.0013953488372093759,0.010697674418604697,-0.0013953488372092648,0.018604651162790642,2150
0.007870370370370416,0.0009259259259258856,0.017129629629629606,0.04398148148148151,2160
0.0023041474654378336,0.004608294930875556,-0.0036866359447005337,0.024884792626728047,2170
-0.002293577981651307,0.009633027522935822,0.011467889908256867,0.02706422018348631,2180
0.0009132420091324533,0.008219178082191858,0.01735159817351606,0.002739726027397249,2190
0.002272727272727315,-0.0036363636363636598,-0.0009090909090908594,0.011363636363636354,2200
0.00814479638009058,0.0117647058823529,0.013574660633484115,0.028959276018099556,2210
0.00990990990990992,0.004954954954954904,-0.0013513513513513375,0.02207207207207207,2220
0.02107623318385654,-0.0013452914798206539,0.0085201793721974,0.04439461883408069,2230
0.008035714285714257,0.004017857142857184,0.01651785714285714,0.008928571428571508,2240
0.004444444444444473,0.0004444444444444695,-0.0013333333333332975,-0.002666666666666706,2250
0.0039823008849557695,0.013716814159292046,0.0022123893805309214,0.011504424778761013,2260
-0.006167400881057272,0.0008810572687224516,0.01013215859030836,0.018061674008810535,2270
-0.004824561403508731,-0.008333333333333304,-0.006578947368421129,0.02543859649122815,2280
0.010480349344978213,0.004803493449781593,0.005676855895196509,0.022270742358078577,2290
0.0021739130434782483,0.011304347826086913,0.012608695652173929,0.00043478260869567187,2300
0.013419913419913443,0.007792207792207795,0.01558441558441559,0.014285714285714346,2310
-0.015086206896551824,0.0073275862068965525,0.008620689655172487,0.028017241379310276,2320
0.012017167381974225,0.00042918454935614303,0.0042918454935622075,0.03304721030042912,2330
0.008119658119658202,0.017094017094017033,0.009829059829059794,0.014102564102564163,2340
0.008936170212765937,0.01191489361702136,0.008936170212765937,0.003829787234042592,2350
0.0029661016949152907,0.012711864406779627,0.025423728813559365,0.02627118644067805,2360
0.006329113924050556,0.005063291139240533,0.005485232067510504,0.020675105485232104,2370
0.006722689075630228,0.010504201680672343,0.014705882352941124,0.01722689075630257,2380
0.009205020920502127,0.011715481171548192,0.011297071129707126,0.013389121338912124,2390
-0.0016666666666667052,0.010833333333333361,0.008750000000000036,0.028749999999999942,2400
0.0016597510373443924,0.006224066390041472,-0.0008298755186721962,0.01327800829875514,2410
0.002892561983471098,0.0008264462809917106,0.013223140495867813,0.014876033057851235,2420
0.01975308641975304,0.01728395061728394,0.023868312757201693,0.032098765432098775,2430
0.011885245901639307,0.016803278688524492,0.011885245901639307,0.017622950819672134,2440
-0.002448979591836764,0.007346938775510181,0.020408163265306034,0.0065306122448979265,2450
0.026016260162601612,0.02195121951219514,0.01991869918699185,0.0186991869918699,2460
0.0024291497975708065,0.004858299595141613,0.02267206477732797,0.019433198380566785,2470
0.0024193548387096975,0.001612903225806428,0.00967741935483879,0.002016129032258007,2480
0.003212851405622552,0.02128514056224895,0.02289156626506028,0.002409638554216942,2490
0.015599999999999947,0.014000000000000012,0.01639999999999997,0.00759999999999994,2500
0.01553784860557772,0.021912350597609542,0.028685258964143423,0.023107569721115495,2510
0.011904761904761862,-0.0031746031746031633,0.00515873015873014,0.010714285714285676,2520
0.00039525691699604515,0.01383399209486158,0.02134387351778655,0.018972332015810278,2530
0.006692913385826782,0.009448818897637823,0.022834645669291387,0.023622047244094557,2540
0.0074509803921568585,0.012156862745098085,0.004705882352941226,0.01764705882352946,2550
0.006249999999999978,0.00390625,0.026171875000000067,0.018749999999999933,2560
-0.0015564202334630295,0.003112840466926059,0.008171206225680905,0.02256809338521404,2570
0.0031007751937984773,0.0031007751937984773,0.00852713178294573,0.018604651162790753,2580
0.0038610038610038533,0.013513513513513487,0.008880308880308885,0.019691119691119696,2590
0.0050000000000000044,0.017692307692307674,0.020384615384615334,0.025000000000000022,2600
-0.0003831417624521327,0.008812260536398497,0.002681992337164818,0.004214559386973127,2610
0.007633587786259555,0.009541984732824416,0.0064885496183206826,0.011068702290076393,2620
-0.0022813688212928174,0.007224334600760551,0.02395437262357414,0.012927756653992373,2630
0.015530303030303116,0.010984848484848486,0.01666666666666672,0.022727272727272707,2640
-0.0030188679245283234,0.00905660377358486,0.01811320754716983,0.014339622641509453,2650
0.0071428571428571175,0.021052631578947323,0.009022556390977376,0.023684210526315752,2660
-0.002996254681647992,0.012359550561797716,0.0026217228464420206,0.019101123595505642,2670
0.010447761194029792,0.0007462686567164534,0.010820895522388074,0.035447761194029814,2680
0.00631970260223047,-0.0029739776951672736,0.008921933085501932,0.013011152416356864,2690
0.020370370370370372,0.0318518518518518,0.026296296296296262,0.02777777777777779,2700
-0.00811808118081181,-0.0036900369003690647,0.0036900369003689537,0.0044280442804427445,2710
0.018014705882352988,0.011397058823529371,0.026470588235294135,0.020588235294117685,2720
-0.004029304029304015,0.001831501831501825,-0.0073260073260073,0.01538461538461533,2730
0.010948905109488982,0.01532846715328462,0.020437956204379493,0.01788321167883211,2740
0.017090909090909157,0.003272727272727316,0.00545454545454549,0.03490909090909089,2750
-0.0007246376811593791,0.007608695652173925,0.011231884057971042,0.004347826086956497,2760
0.005054151624548697,0.004693140794223893,0.01335740072202174,0.022743682310469415,2770
-0.017625899280575563,0.008273381294964022,0.010071942446043147,0.01834532374100717,2780
0.0,0.0010752688172043223,-0.0014336917562725038,0.017562724014336895,2790
-0.007500000000000062,0.009285714285714342,0.01642857142857146,-0.00035714285714283367,2800
-0.003558718861209953,-0.013167259786476926,0.006049822064056909,0.002491103202846956,2810
0.007801418439716268,-0.0028368794326241176,0.006737588652482307,-0.0035460992907802025,2820
-0.0045936395759716975,-0.003886925795053009,0.0035335689045936647,0.0010600706713781438,2830
0.007042253521126751,0.004225352112676051,0.005633802816901401,0.024295774647887347,2840
0.0052631578947368585,0.01684210526315788,0.00035087719298254605,0.01473684210526316,2850
0.012937062937062871,0.0010489510489510856,0.005244755244755206,0.01958041958041956,2860
-0.003135888501742179,0.013937282229965153,0.0101045296167247,0.01672473867595825,2870
0.001388888888888884,0.014930555555555558,0.010763888888888906,0.007638888888888973,2880
0.00761245674740485,0.01799307958477503,0.01799307958477503,0.01280276816609005,2890
0.004137931034482789,0.023103448275862082,0.016206896551724137,0.016896551724137954,2900
0.0044673539518900185,0.020274914089347118,0.025085910652920984,0.009621993127147843,2910
0.00034246575342467,0.008561643835616528,0.009931506849315097,0.014383561643835696,2920
0.004778156996587013,0.007849829351535886,0.013310580204778155,0.004778156996587013,2930
0.011564625850340127,0.0003401360544217358,0.0003401360544217358,0.011224489795918391,2940
-0.002372881355932166,0.004745762711864443,-0.003389830508474634,0.00881355932203387,2950
0.011824324324324342,0.00033783783783780663,0.0,0.006418918918918992,2960
0.008080808080808022,0.007407407407407418,0.00033670033670030186,0.0121212121212122,2970
-0.0006711409395974144,-0.0006711409395973034,0.008053691275167862,0.02080536912751685,2980
-0.004013377926421424,0.0033444816053511683,0.01638795986622077,0.02374581939799325,2990
0.018333333333333313,0.010333333333333306,0.0,0.020000000000000018,3000
-0.026245847176079695,-0.006644518272425293,-0.007973421926910307,0.0019933554817276322,3010
0.01788079470198678,0.0006622516556291647,0.011258278145695355,0.024834437086092787,3020
0.0,0.0046204620462045876,0.014851485148514865,0.006270627062706313,3030
0.013157894736842146,0.010526315789473606,0.012828947368421106,0.02927631578947365,3040
0.004590163934426239,0.011147540983606485,0.0019672131147541183,0.010163934426229426,3050
0.010130718954248441,0.0065359477124183885,0.007189542483660105,0.012091503267973924,3060
0.0032573289902280145,0.007166123778501676,0.002605863192182367,0.004885993485342022,3070
0.008441558441558472,-0.008441558441558472,0.022402597402597424,0.010389610389610393,3080
0.017799352750809017,0.0006472491909385036,0.002912621359223211,0.014239482200647302,3090
0.007419354838709702,-0.00032258064516133,0.004516129032258065,0.001290322580645209,3100
-0.004180064308681675,-0.0019292604501608412,0.011575562700964714,0.013826366559485548,3110
0.010897435897435859,0.014102564102564163,0.022756410256410176,0.033653846153846145,3120
0.01629392971246002,0.007348242811501593,0.01437699680511173,0.021086261980830745,3130
0.014012738853503182,0.028343949044585925,0.007643312101910826,0.021656050955414008,3140
-0.0019047619047619646,-0.00952380952380949,-0.0006349206349206549,0.018412698412698325,3150
0.005379746835442956,0.010126582278481067,0.022151898734177222,0.020569620253164556,3160
-0.003154574132492094,0.010094637223974745,0.009779179810725513,0.02018927444794949,3170
0.002515723270440251,-0.005031446540880502,0.011635220125786105,0.020440251572327095,3180
0.0031347962382445305,0.006896551724137945,0.008777429467084708,0.0012539184952977678,3190
0.010937500000000044,0.0078125,-0.004687499999999956,0.005624999999999991,3200
0.004049844236760136,0.004672897196261738,0.01433021806853585,0.0012461059190030932,3210
-0.0018633540372671176,0.0009316770186335033,0.00031055900621113075,0.008385093167701863,3220
0.0006191950464395912,0.012074303405572695,0.01764705882352946,0.005882352941176561,3230
-0.011111111111111072,0.0006172839506173311,0.004320987654320985,0.00802469135802475,3240
-0.0009230769230769154,-0.003076923076923088,0.012923076923076926,0.01876923076923076,3250
0.011042944785276121,0.01104294478527601,0.013190184049079678,0.01625766871165646,3260
0.007645259938837912,-0.0003058103975535076,0.00917431192660556,0.02232415902140672,3270
-0.004878048780487809,0.002134146341463361,0.010365853658536595,0.00884146341463421,3280
-0.004255319148936176,0.011246200607902712,0.0012158054711246535,0.015805471124620052,3290
0.00484848484848488,0.023636363636363567,0.012424242424242449,0.023939393939393927,3300
-0.007552870090634434,-0.002719033232628454,0.012688821752265822,0.012386706948640525,3310
0.015361445783132588,0.02349397590361446,0.011445783132530085,0.015662650602409567,3320
0.008408408408408397,0.02042042042042036,0.013513513513513487,0.023423423423423406,3330
0.0029940119760478723,-0.005089820359281405,0.008982035928143617,0.02035928143712573,3340
0.0011940298507462366,0.014029850746268613,0.01582089552238808,0.02268656716417905,3350
0.0050595238095237915,-0.0005952380952380931,0.005654761904761885,0.002083333333333326,3360
-0.0029673590504450953,-0.009198813056379818,0.005341246290801127,0.007418397626112738,3370
0.009467455621301801,0.0005917159763313418,0.0014792899408284654,0.015680473372781112,3380
0.006194690265486802,0.0026548672566372167,0.01179941002949858,0.017109144542772903,3390
0.0052941176470587825,0.003235294117647003,0.010882352941176454,0.012647058823529456,3400
-0.0026392961876832155,-0.006451612903225823,0.012903225806451535,0.013196480938416522,3410
0.0061403508771930015,-0.0014619883040936088,-0.0052631578947368585,0.010233918128654929,3420
-0.0020408163265306367,0.01836734693877551,0.020991253644314867,0.01895043731778423,3430
-0.0017441860465116088,0.009011627906976849,0.01104651162790693,0.01191860465116279,3440
-0.00028985507246381825,0.009565217391304337,0.013333333333333308,0.01855072463768115,3450
0.0023121387283236983,0.01531791907514457,0.014739884393063618,0.016473988439306364,3460
0.002593659942363158,-0.0017291066282421053,0.016714697406340018,0.02132564841498552,3470
0.0022988505747125743,-0.0031609195402299006,0.008045977011494232,0.009195402298850519,3480
0.019197707736389624,0.0040114613180515235,0.011174785100286577,0.010315186246418362,3490
0.002571428571428558,0.018571428571428572,-0.00371428571428567,0.00914285714285712,3500
0.005982905982905962,0.0039886039886040114,0.017663817663817638,0.024216524216524316,3510
-0.0065340909090908506,0.0008522727272727293,0.003409090909090917,0.009659090909090895,3520
0.0008498583569405138,0.005949008498583597,-0.001133144475920611,0.013031161473087804,3530
0.001129943502824804,0.006497175141242928,0.007062146892655385,0.0014124293785310327,3540
0.0008450704225352323,-0.0016901408450704647,0.0033802816901408184,0.016901408450704314,3550
0.01769662921348314,0.00393258426966292,0.011235955056179803,0.010112359550561778,3560
0.005322128851540597,0.005042016806722671,0.009243697478991564,0.00588235294117645,3570
0.009776536312849138,0.019832402234636892,0.012011173184357515,0.007821229050279377,3580
0.002785515320334331,0.0030640668523677084,0.02256267409470758,0.013370473537604455,3590
-0.0019444444444444153,0.01027777777777783,-0.004166666666666652,0.015833333333333366,3600
-0.004432132963988922,0.004709141274238271,0.004986149584487509,0.018282548476454274,3610
-0.0008287292817679148,0.0033149171270718814,0.005801104972375737,0.010220994475138134,3620
0.003581267217630857,0.00909090909090915,0.014325068870523427,0.01680440771349867,3630
0.007692307692307665,0.009890109890109855,0.005494505494505475,-0.0005494505494505475,3640
0.012328767123287676,-0.003835616438356171,0.00136986301369868,0.006849315068493178,3650
-0.004644808743169415,-0.016120218579234957,0.008196721311475419,-0.003278688524590123,3660
-0.004087193460490468,0.014986376021798309,0.02125340599455039,0.00626702997275197,3670
0.018478260869565277,0.0024456521739130155,0.007880434782608692,0.006249999999999978,3680
0.006504065040650375,0.00894308943089428,0.010027100271002731,0.011653116531165297,3690
0.005675675675675729,0.01540540540540547,0.016756756756756697,0.017297297297297343,3700
0.015902964959568777,0.017789757412398854,0.0199460916442048,0.01563342318059302,3710
0.009139784946236462,0.0008064516129031585,0.012903225806451535,0.006989247311827929,3720
0.002144772117962379,0.007506702412868549,-0.0002680965147453529,0.007238605898123307,3730
0.0032085561497325887,0.005080213903743247,0.0117647058823529,0.010695187165775444,3740
0.006933333333333347,0.011466666666666625,0.009600000000000053,0.0232,3750
-0.0015957446808509967,0.004255319148936176,-0.0026595744680851796,0.014893617021276562,3760
0.0034482758620689724,-0.01485411140583548,0.005039787798408524,0.01511936339522546,3770
0.014814814814814836,0.01746031746031751,0.011640211640211673,0.023015873015873045,3780
0.006332453825857565,0.0068601583113456766,0.014248021108179465,0.0007915567282322789,3790
0.0052631578947368585,0.010789473684210571,0.011315789473684168,0.0094736842105263,3800
0.005511811023621971,0.01286089238845145,0.01286089238845145,0.014698162729658737,3810
-0.0020942408376962707,0.006282722513088923,0.010471204188481686,0.015183246073298351,3820
0.005744125326370697,0.006527415143603221,0.00757180156657955,0.004438642297650119,3830
-0.006249999999999978,-0.0028645833333332815,0.02213541666666663,0.010937500000000044,3840
0.010909090909090868,0.010649350649350575,-0.014285714285714235,0.020000000000000018,3850
-0.002849740932642564,0.010362694300518172,0.006476683937823857,0.011398963730569922,3860
-0.0031007751937984773,0.013695090439276525,0.007493540051679681,0.004909560723514228,3870
0.005154639175257714,-0.0010309278350515427,0.00953608247422677,0.013402061855670055,3880
-0.0020565552699228773,0.002827763496143887,0.006426735218509005,0.012339331619537264,3890
-0.00512820512820511,0.007179487179487132,0.0064102564102563875,0.0015384615384615996,3900
0.004859335038363111,0.00818414322250649,0.0038363171355498826,0.005370843989769836,3910
0.02346938775510199,0.01301020408163267,0.016836734693877475,0.01913265306122447,3920
-0.0017811704834604924,0.012977099236641254,0.008396946564885432,0.016030534351144987,3930
0.004568527918781706,0.011421319796954377,0.014467005076142181,0.014974619289340074,3940
-0.00025316455696200446,0.0020253164556962577,0.008607594936708929,0.0073417721518986845,3950
0.0007575757575757347,0.0010101010101010166,0.0037878787878787845,0.005303030303030254,3960
0.0002518891687658398,-0.0025188916876573986,0.016624685138538986,0.007052896725440738,3970
-0.0060301507537688925,-0.0005025125628140836,0.012562814070351758,0.004522613065326642,3980
0.0042606516290726315,0.004761904761904745,0.01979949874686715,0.01027568922305766,3990
0.008500000000000063,0.00924999999999998,0.01100000000000001,0.009750000000000036,4000
-0.005735660847880353,0.006483790523690747,0.007980049875311757,0.0059850374064838174,4010
-0.0012437810945272743,0.007213930348258679,0.005970149253731294,0.01467661691542288,4020
0.0066997518610421025,0.0007444168734490608,0.008436724565756837,-0.0002481389578163906,4030
0.007178217821782185,-0.0017326732673267342,0.025990099009901013,0.028960396039603986,4040
-0.002716049382716079,-0.002716049382716079,0.010123456790123497,0.009135802469135812,4050
0.01305418719211826,0.0024630541871921707,0.0024630541871920597,0.007881773399014746,4060
-0.004422604422604337,0.012530712530712584,-0.0031941031941032927,0.009336609336609292,4070
-0.0009803921568627416,0.007843137254901933,0.0034313725490195957,0.015196078431372606,4080
0.010757946210269043,0.012958435207824026,0.013202933985330012,0.013447432762836109,4090
-0.0012195121951219523,0.007804878048780495,0.011463414634146352,0.01560975609756099,4100
-0.004136253041362559,0.00778588807785896,0.004622871046228716,0.0075425790754257704,4110
0.009466019417475713,0.009708737864077666,0.010194174757281571,0.011407766990291224,4120
0.00460048426150117,0.011622276029055745,0.01670702179176764,0.012348668280871666,4130
-0.0019323671497584183,0.006763285024154575,0.0007246376811594901,0.008695652173912993,4140
0.0014457831325300763,0.00433734939759034,0.013493975903614452,0.025301204819277112,4150
-0.023798076923076894,-0.0009615384615384581,0.006730769230769318,-0.0012019230769230171,4160
0.008633093525179825,0.015827338129496438,-0.0019184652278176895,0.01726618705035976,4170
-0.010526315789473606,0.007416267942583765,-0.0004784688995215225,0.019138755980861233,4180
0.005727923627684928,0.012649164677804303,0.005727923627684928,0.007637231503579978,4190
0.0004761904761905189,0.0033333333333332993,0.00666666666666671,0.01261904761904764,4200
0.0073634204275534465,0.003087885985748162,0.014726840855106893,0.01045130641330172,4210
0.010426540284360186,0.010426540284360186,0.012085308056872024,0.00758293838862556,4220
0.0016548463356974574,0.00378250591016549,0.01134751773049647,-0.00260047281323883,4230
0.0037735849056603765,0.012028301886792492,0.01580188679245287,0.014622641509434042,4240
-0.00047058823529411153,0.004705882352941226,0.002588235294117558,0.011529411764705788,4250
-0.0023474178403756207,0.0011737089201877549,0.008450704225352101,0.0011737089201877549,4260
0.014285714285714235,0.002810304449648804,0.013817330210772805,0.012412177985948514,4270
0.009112149532710334,0.00046728971962617383,0.01238317757009344,0.016588785046729004,4280
0.009790209790209836,0.009557109557109533,0.01864801864801857,0.01655011655011651,4290
0.010930232558139519,0.013953488372093092,0.008604651162790744,0.026046511627906943,4300
0.00023201856148491462,-0.00023201856148491462,0.008584686774941952,0.026682134570765625,4310
-0.00347222222222221,0.0050925925925925375,0.006249999999999978,0.022453703703703698,4320
0.0034642032332563577,0.023094688221709014,0.0004618937644341736,0.011085450346420389,4330
0.003456221198156695,0.011290322580645107,0.014746543778801802,0.012672811059907807,4340
-0.0025287356321839205,-0.015402298850574758,0.006206896551724128,0.0025287356321839205,4350
0.0016055045871559148,0.0,0.005733944954128489,0.005733944954128489,4360
-0.008009153318077833,-0.0048054919908466776,-0.009382151029748376,0.008237986270022923,4370
0.007990867579908634,0.00068493150684934,0.0036529680365297024,0.016666666666666607,4380
-0.0077448747152619735,-0.006378132118451063,0.005239179954442008,0.01207289293849656,4390
0.0050000000000000044,0.005227272727272747,0.013636363636363669,0.027954545454545454,4400
0.012698412698412653,0.00612244897959191,0.019727891156462563,0.019727891156462563,4410
0.010180995475113086,-0.0015837104072398134,0.0036199095022624306,0.007692307692307665,4420
0.0011286681715576563,0.0031602708803610824,0.0018058690744920947,-0.0009029345372461028,4430
0.0033783783783783994,0.0060810810810810745,-0.0024774774774773967,-0.0009009009009008917,4440
-0.004044943820224689,0.005393258426966252,-0.00044943820224718767,-0.005617977528089901,4450
0.005156950672645766,0.00829596412556044,0.01053811659192827,0.018161434977578494,4460
-0.0006711409395974144,-0.004697986577181235,0.01029082774049217,0.0011185682326622093,4470
0.0008928571428571397,-0.0022321428571427937,-0.0017857142857142794,0.0071428571428571175,4480
0.011358574610245031,0.002895322939866385,0.01492204899777283,0.005122494432071356,4490
0.007111111111111068,0.010666666666666713,0.013111111111111073,0.013777777777777778,4500
0.00044345898004427564,-0.001995565410199518,-0.00066518847006658,0.014412416851441234,4510
-0.0004424778761061843,0.01017699115044246,0.020132743362831884,0.009070796460177055,4520
0.0035320088300220265,0.0013245033112582183,0.0033112582781456013,0.009933774834437137,4530
-0.0024229074889868807,0.005506607929515517,0.013215859030836996,0.01982378854625555,4540
0.0013186813186812918,-0.003076923076923088,0.009670329670329658,0.006373626373626373,4550
0.0048245614035088424,0.003728070175438636,0.011184210526315796,0.023903508771929816,4560
0.003282275711159688,0.002188183807439792,0.014879649890590874,0.011159737417943072,4570
0.0065502183406114245,0.005021834061135322,-0.005240174672489051,0.012227074235807933,4580
-0.0015250544662309684,0.006535947712418277,-0.005446623093681935,0.005010893246187309,4590
0.006521739130434745,0.004347826086956497,0.00521739130434784,0.00521739130434784,4600
-0.005422993492407824,0.007375271149674623,0.012364425162689763,0.015401301518438215,4610
0.0034632034632033903,0.007575757575757569,0.009956709956709942,0.010606060606060619,4620
0.0079913606911447,0.003455723542116651,-0.0017278617710583255,0.011231101511879005,4630
0.004741379310344795,-0.0008620689655172153,0.0073275862068965525,0.024568965517241415,4640
0.0,0.0036559139784946293,0.004731182795698952,0.012473118279569873,4650
0.0021459227467811592,-0.0017167381974247942,-0.00407725321888408,0.01309012875536486,4660
0.002783725910064261,0.00749464668094213,0.013490364025695922,0.02441113490364033,4670
0.0010683760683760646,-0.0010683760683760646,-0.005555555555555536,0.017307692307692357,4680
0.0036247334754797578,0.010874200426439162,0.014925373134328401,0.016417910447761197,4690
-0.0019148936170212405,0.0019148936170212405,0.0002127659574469032,0.009574468085106425,4700
0.002972399150743099,0.01146496815286624,-0.002972399150743099,0.004458598726114649,4710
0.003389830508474634,0.0025423728813559476,0.008050847457627075,0.009957627118644119,4720
0.009513742071881603,-0.0021141649048626032,0.018181818181818188,0.006765327695560264,4730
0.0037974683544304,-0.0023206751054851704,0.010759493670886022,0.014345991561181437,4740
0.009263157894736862,-0.004210526315789442,0.012421052631579,0.0016842105263158436,4750
-0.003361344537815114,0.0021008403361344463,0.004201680672268893,0.006512605042016784,4760
0.013417190775681376,0.011530398322851187,0.011949685534591192,0.00691823899371069,4770
0.010669456066945582,0.010669456066945582,0.004184100418410108,0.003765690376568931,4780
0.0058455114822546506,0.004592901878914368,-0.0010438413361169019,0.00041753653444676075,4790
0.004166666666666652,0.004166666666666763,0.0068750000000000755,0.019791666666666652,4800
-0.004158004158004158,0.005405405405405461,0.00020790020790018016,-0.0033264033264033266,4810
-0.004979253112033177,0.0056016597510373245,0.013485477178423189,0.0008298755186721962,4820
0.001242236024844745,0.0008281573498963857,0.013664596273291973,0.011594202898550732,4830
0.0026859504132231704,-0.0049586776859503745,0.007438016528925617,0.026446280991735516,4840
0.009484536082474238,0.0024742268041237914,0.015876288659793847,0.010927835051546375,4850
-0.0004115226337447764,-0.002057613168724326,-0.004938271604938316,-0.00802469135802475,4860
0.0010266940451745254,-0.001232032854209364,-0.000821355236139687,0.005544147843942526,4870
0.006762295081967129,0.0016393442622950616,0.014549180327868783,0.0071721311475410054,4880
-0.0008179959100205192,0.0059304703476482645,0.005316973415132931,0.004907975460122671,4890
0.000612244897959191,0.006122448979591799,0.000612244897959191,0.0034693877551019714,4900
0.006109979633401208,0.005702647657841231,0.009368635437881911,0.009164969450101812,4910
0.0024390243902439046,0.011178861788617822,0.013414634146341475,0.00020325203252025137,4920
0.009127789046653234,0.0044624746450304675,0.014604462474645086,0.01338742393509118,4930
-0.001417004048583026,0.006882591093117396,-0.0018218623481781604,0.013157894736842146,4940
0.013535353535353511,0.00545454545454549,0.0060606060606061,0.00909090909090915,4950
0.0024193548387096975,0.0026209677419354316,0.009072580645161366,0.010887096774193528,4960
-0.005231388329979936,0.004225352112676051,0.0090543259557343,0.010261569416498917,4970
0.0030120481927710108,0.0034136546184738714,0.003815261044176621,0.003815261044176732,4980
-0.0032064128256513724,-0.0038076152304609145,0.005811623246492981,0.003607214428857808,4990
0.0046000000000000485,-0.0026000000000000467,0.012800000000000034,0.0024000000000000687,5000
0.003193612774451071,0.003992015968063867,-0.009181636726546927,0.007385229540918137,5010
0.0031872509960159112,-0.004780876494023922,0.003784860557768943,0.0017928286852589848,5020
0.001988071570576566,0.008548707753479157,-0.0025844930417494583,0.010934393638170947,5030
0.011904761904761862,0.00436507936507935,0.019444444444444375,0.013095238095238049,5040
0.006732673267326739,0.0045544554455445585,0.0065346534653465405,0.008316831683168324,5050
0.012450592885375422,0.014031620553359603,0.009881422924901129,0.016403162055335985,5060
0.0035502958579881616,0.004536489151873768,0.004733727810650845,0.004733727810650845,5070
0.004330708661417382,0.003740157480314976,-0.0011811023622048111,0.011023622047244053,5080
0.0043222003929273,0.01198428290766207,-0.0009823182711198308,0.015520628683693527,5090
0.0009803921568627416,0.008627450980392082,-0.0025490196078431504,0.008235294117647007,5100
0.010176125244618417,-0.002739726027397249,0.004109589041095818,0.010763209393346407,5110
0.015039062500000089,0.0029296875,0.011132812499999978,0.011523437500000067,5120
0.006237816764132598,0.000779727095516547,0.0037037037037036535,0.007017543859649145,5130
0.007976653696498026,0.00739299610894939,0.006614785992217875,0.0,5140
0.018834951456310645,0.010291262135922352,0.02019417475728158,0.010291262135922352,5150
0.006589147286821695,0.011627906976744207,0.0040697674418604946,0.003294573643410792,5160
-0.002321083172146965,0.004255319148936176,0.022630560928433296,0.016827852998065773,5170
0.010038610038609952,0.010810810810810811,0.007335907335907388,0.012934362934363008,5180
-0.00019267822736024343,0.00019267822736024343,-0.009441233140655036,-0.004046242774566444,5190
0.012115384615384639,-0.00038461538461531664,0.00019230769230771383,0.0013461538461538858,5200
-0.00249520153550864,0.010940499040307139,0.0034548944337812193,0.005374280230326267,5210
0.011877394636015226,0.007088122605363956,0.011302681992337194,0.017432950191570873,5220
0.008221797323135771,-0.0017208413001911227,0.011089866156787753,0.012619502868068788,5230
0.0003816793893129944,0.007633587786259555,0.002099236641221358,0.009541984732824416,5240
0.0034285714285714475,0.010285714285714342,0.012190476190476196,0.01161904761904764,5250
-0.0011406844106464087,0.005323193916349833,0.0,0.010076045627376518,5260
0.0024667931688805433,-0.0003795066413662118,0.010815939278937425,0.00777988614800762,5270
-0.007196969696969702,-0.004166666666666652,0.002083333333333326,0.001136363636363602,5280
0.004536862003780673,-0.0001890359168241762,0.002646502835538689,0.00472589792060496,5290
-0.007547169811320753,0.011132075471698144,0.007169811320754782,-0.002830188679245227,5300
0.002071563088512196,0.007532956685499026,-0.0018832391713747842,0.009981167608286268,5310
0.006203007518796988,-0.011842105263157876,0.0020676691729323293,0.001879699248120259,5320
0.008255159474671592,0.006378986866791725,0.015947467166979368,0.012570356472795474,5330
-0.002434456928838924,-0.0035580524344569486,0.0,-0.0003745318352059712,5340
0.00392523364485986,0.004485981308411269,-0.008598130841121487,0.010093457943925244,5350
-0.0016791044776119923,0.006343283582089576,0.0007462686567164534,0.008582089552238825,5360
0.0026070763500931626,0.008566108007448725,-0.003910614525139633,0.0020484171322160405,5370
0.004460966542750966,0.012825278810408847,0.0009293680297397522,0.013011152416356864,5380
0.0012987012987012436,0.0022263450834879572,0.001113172541743923,0.00946196660482379,5390
0.0007407407407407085,0.003148148148148122,0.0018518518518517713,0.01777777777777778,5400
0.0001848428835489191,0.013308687615526837,0.008872458410351225,0.012569316081330828,5410
0.0036900369003690647,0.005719557195571934,0.00036900369003689537,0.00018450184501839217,5420
0.006813996316758719,0.003130755064456703,0.010497237569060736,0.014732965009208066,5430
0.0031250000000000444,0.004044117647058809,-0.0027573529411765163,0.001654411764705821,5440
0.003669724770642202,0.0058715596330275455,0.00660550458715603,0.00917431192660556,5450
0.001831501831501825,0.009157509157509125,-0.00512820512820511,0.000366300366300365,5460
0.010968921389396757,-0.00255941499085921,0.006581352833638032,0.018281535648994596,5470
0.0038321167883211826,0.005839416058394109,-0.004197080291970856,-0.0005474452554744547,5480
-0.008378870673952599,0.0007285974499089409,0.002003642987249532,-0.0029143897996357637,5490
0.008363636363636351,0.010000000000000009,-0.005090909090909146,0.015272727272727216,5500
-0.003629764065335772,-0.002359346642468285,-0.0014519056261343977,0.0034482758620689724,5510
-0.004347826086956497,0.006521739130434856,-0.003985507246376807,0.019202898550724656,5520
0.005967450271247676,0.00307414104882453,0.012839059674502717,0.008318264014466559,5530
-0.003790613718411606,0.00018050541516245744,0.0030685920577617765,0.012635379061371799,5540
-0.003603603603603567,0.0055855855855855285,-0.0009009009009010027,0.00324324324324321,5550
0.010431654676259061,0.0014388489208633226,-0.0010791366906475197,0.01097122302158271,5560
0.007360861759425519,0.0032315978456014527,0.01777378815080788,0.011310592459605084,5570
0.00501792114695343,0.00035842293906807043,0.006272401433691788,-0.0007168458781361409,5580
-0.003935599284436542,0.0030411449016100045,0.010554561717352362,0.003220035778175312,5590
-0.00910714285714287,0.0007142857142857784,0.00017857142857136132,0.0019642857142857517,5600
0.014438502673796871,0.012477718360071277,0.0019607843137254832,0.004991087344028533,5610
0.009074733096085419,0.009430604982206381,-0.001245551601423478,0.00765124555160146,5620
0.001420959147424572,-0.002309058614564763,0.003197158081705176,0.008348134991118972,5630
0.00496453900709215,0.006914893617021245,0.0028368794326241176,0.006382978723404209,5640
0.006725663716814156,0.003539823008849474,0.002477876106194654,-0.006902654867256719,5650
0.01466431095406362,0.010954063604240227,0.012544169611307332,-0.00035335689045934426,5660
-0.001410934744268011,-0.006349206349206327,-0.005643738977072266,-0.002645502645502673,5670
-0.00757042253521123,-0.0017605633802816323,0.006514084507042273,0.003345070422535179,5680
-0.006678383128295273,-0.0035149384885765356,-0.0036906854130052125,0.013181019332161648,5690
-0.004385964912280715,0.013157894736842146,0.008421052631578885,0.01543859649122803,5700
-0.005253940455341555,0.0026269702276707774,-0.0005253940455341999,-0.007355516637478132,5710
-0.002622377622377603,0.011363636363636354,0.014160839160839211,-0.0017482517482517723,5720
0.002966841186736513,0.018150087260034975,0.017277486910994733,0.021116928446771377,5730
0.010452961672473893,0.000522648083623678,0.0024390243902439046,0.0006968641114982743,5740
0.008695652173913104,0.004869565217391236,0.017565217391304344,0.0055652173913043335,5750
-0.000694444444444442,0.005555555555555536,0.003993055555555514,0.002083333333333326,5760
-0.0025996533795493715,0.0022530329289428552,0.0034662045060658286,0.0077989601386482255,5770
-0.00034602076124568004,-0.00657439446366781,0.013321799307958515,0.0022491349480968648,5780
-0.0015544041450776813,-0.0017271157167529916,-0.003281519861830784,0.006217616580310836,5790
0.0,-0.0022413793103448487,0.0037931034482758808,0.0070689655172413435,5800
0.00447504302925994,-0.002581755593803803,0.0036144578313253017,0.0067125645438899095,5810
0.0006872852233676952,-0.01408934707903775,0.006013745704467333,0.002577319587628857,5820
0.010634648370497435,0.006689536878216051,0.008404802744425455,0.0036020583190393696,5830
0.0025684931506848585,0.0032534246575343095,0.009589041095890316,0.0018835616438356295,5840
0.008547008547008517,-0.00017094017094010372,0.004444444444444473,0.01299145299145299,5850
-0.01569965870307166,0.005460750853242269,0.003754266211604018,0.004948805460750827,5860
-0.0017035775127768327,0.01141396933560479,0.008006814310051125,0.009710391822827846,5870
0.004251700680272141,0.0010204081632652073,0.0011904761904761862,-0.003231292517006823,5880
0.005432937181663822,-0.0011884550084889645,0.004074702886247783,0.008488964346349714,5890
0.0025423728813559476,0.006949152542372827,0.010338983050847461,0.0027118644067797293,5900
-0.0035532994923858086,0.00016920473773274214,0.005414551607444973,0.007106598984771617,5910
0.0030405405405405928,0.004560810810810834,0.0023648648648648685,0.009628378378378377,5920
-0.0001686340640809636,-0.007082630691399694,0.0072512647554805465,-0.0021922428330523047,5930
0.0011784511784511675,0.005723905723905798,0.00016835016835015093,0.01548821548821544,5940
0.003865546218487448,0.009075630252100897,0.0030252100840335583,0.004873949579831893,5950
0.005369127516778538,-0.0003355704697987072,0.0063758389261744375,0.0030201342281879207,5960
0.009882747068676645,0.0,0.012730318257956452,0.0056951423785595034,5970
0.00351170568561876,0.0013377926421405117,0.004180602006689016,0.007692307692307776,5980
0.0033388981636059967,0.005843071786310605,-0.0015025041736226319,0.016527545909849728,5990
-0.004166666666666652,0.006833333333333358,0.0028333333333333544,0.011166666666666658,6000
0.0011647254575707366,-0.00199667221297839,0.012645590682196284,0.006156405990016656,6010
0.00182724252491695,-0.0013289036544851252,-0.0021594684385382035,0.014950166112956742,6020
0.0016583747927031434,-0.0034825870646766344,-0.00812603648424548,0.0009950248756218638,6030
-0.0013245033112582183,-0.003973509933774766,0.0028145695364237833,0.00894039735099339,6040
0.012727272727272698,0.011735537190082579,0.012892561983471107,0.0013223140495868257,6050
0.005280528052805211,-0.0014851485148514865,0.005115511551155083,0.011716171617161764,6060
0.004283360790774293,0.006095551894563456,0.015156507413509046,0.006754530477759535,6070
0.003289473684210509,0.0011513157894736947,0.005427631578947323,0.000822368421052655,6080
0.0011494252873562871,0.0034482758620689724,0.010344827586206806,0.0037766830870279433,6090
0.0016393442622951726,0.016885245901639423,0.009180327868852367,0.011475409836065542,6100
0.0054009819967266726,0.00016366612111295975,0.0022913256955809924,0.005891980360065441,6110
0.00588235294117645,-0.0063725490196078205,0.0004901960784313708,0.002287581699346397,6120
0.005057096247960913,0.01272430668841762,-0.002283849918433889,-0.0016313213703099683,6130
-0.004560260586319198,0.003583061889250838,-0.00016286644951135631,0.006840390879478853,6140
0.002601626016260239,0.0022764227642275703,0.007317073170731714,-0.006016260162601594,6150
0.006818181818181834,0.0035714285714285587,0.005844155844155874,0.014448051948051877,6160
0.008589951377633742,0.012803889789303025,0.009076175040518608,0.017990275526742372,6170
0.011003236245954673,0.008090614886731351,0.011974110032362484,0.01860841423948223,6180
0.00791599353796446,0.005331179321486301,0.013893376413570246,0.0058158319870759145,6190
-0.002258064516129088,0.005161290322580614,0.005161290322580614,0.0004838709677419395,6200
0.0035426731078904705,0.005958132045088549,0.005314009661835817,0.013043478260869601,6210
0.005948553054662464,-0.002411575562700885,0.004340836012861726,0.0014469453376205754,6220
0.009149277688603519,0.004494382022471988,0.00690208667736758,0.010754414125200618,6230
-0.007692307692307665,0.005608974358974339,-0.0008012820512820484,0.00048076923076922906,6240
-0.0011200000000000099,0.0025600000000000067,0.00031999999999998696,0.01535999999999993,6250
-0.0006389776357828003,0.0068690095846645205,0.0014376996805111064,0.006709265175718793,6260
0.002073365231260005,0.011323763955342847,0.013078149920255133,0.007655502392344471,6270
-0.001273885350318471,0.0004777070063693989,0.0023885350318471055,0.0007961783439490722,6280
0.014308426073131986,0.007472178060413337,0.00572337042925275,0.005723370429252861,6290
0.0022222222222221255,-0.003968253968253954,0.0028571428571427804,0.003809523809523818,6300
0.0011093502377179654,0.011885895404120439,0.0038034865293186115,0.0017432646592709933,6310
-0.0009493670886076,-0.0061708860759494,0.0030063291139240667,0.007911392405063222,6320
0.0015797788309637184,0.006003159557661952,0.009478672985781977,0.008530805687203769,6330
0.013722397476340742,0.009305993690851833,0.019400630914826578,0.011829652996845463,6340
0.0025196850393700565,0.0001574803149606563,0.007086614173228423,0.008188976377952795,6350
-0.00031446540880497587,0.008176100628930816,0.013207547169811318,0.005974842767295541,6360
0.0023547880690737433,0.0036106750392465026,0.011773940345368938,0.013814756671899575,6370
0.0014106583072099887,-0.0031347962382445305,-0.005485893416927956,-0.0020376175548589837,6380
-0.0020344287949921602,0.00312989045383405,0.010954616588419452,0.000625978090766921,6390
-0.0009375000000000355,0.002187500000000009,0.0014062499999999423,0.011562500000000031,6400
0.008268330733229301,0.010452418096723815,-0.0031201248049922414,0.01201248049921999,6410
-0.008099688473520272,0.007009345794392496,0.013395638629283502,0.006230529595015577,6420
0.0004665629860031162,-0.010264385692068445,-0.0034214618973561484,-0.0013996889580092375,6430
0.0015527950310558758,0.004968944099378869,0.005434782608695676,0.004347826086956497,6440
0.0027906976744185297,0.0037209302325581506,0.014728682170542684,0.009147286821705403,6450
-0.003560371517027927,-0.006656346749225994,-0.00015479876160995332,0.001547987616099089,6460
-0.0010819165378671558,0.009737248840803736,0.00695517774343124,0.005409582689335335,6470
0.011265432098765404,0.0032407407407407662,0.005709876543209869,0.0032407407407407662,6480
0.001078582434514641,0.008012326656394508,0.003389830508474634,0.006779661016949157,6490
0.0038461538461538325,-0.005538461538461492,0.005692307692307663,0.0,6500
-0.004608294930875556,0.0001536098310291889,0.003379416282642156,0.0019969278033794557,6510
0.012423312883435567,0.00920245398773012,0.008588957055214674,0.012423312883435567,6520
0.002603369065849903,-0.0003062787136294265,-0.008269525267993849,-0.003215926493108645,6530
0.001529051987767538,0.01360856269113142,0.01758409785932724,0.012844036697247763,6540
0.003969465648855031,-0.003816793893129722,0.007786259541984641,0.012213740458015265,6550
0.005945121951219545,0.013414634146341475,0.005335365853658569,0.00746951219512193,6560
0.0036529680365295913,-0.0030441400304414,0.012024353120243525,0.007001522070015143,6570
0.004255319148936176,0.003039513677811523,0.003951367781155013,-0.0022796352583586144,6580
-0.0016691957511381084,0.002427921092564511,0.00030349013657060553,-0.004855842185128911,6590
0.008030303030303054,0.0007575757575757347,0.0043939393939393945,0.001212121212121109,6600
0.001210287443267788,-0.0028744326777609963,0.0069591527987896695,0.005597579425113408,6610
0.004531722054380682,0.008610271903323197,0.0028700906344411026,0.0006042296072508169,6620
-0.002714932126696823,-0.002413273001508287,-0.002111613876319751,0.0039215686274509665,6630
0.001204819277108471,-0.0025602409638554313,-0.005271084337349352,0.012650602409638556,6640
0.010526315789473717,0.013533834586466176,0.013984962406014989,0.004962406015037613,6650
-0.011711711711711703,0.0033033033033033066,0.00045045045045044585,0.0006006006006006315,6660
0.0011994002998501063,-0.0031484257871063903,-0.00029985007496247107,-0.005097451274362896,6670
-0.0002994011976047428,-0.008682634730538985,-0.001796407185628679,0.0014970059880239361,6680
0.004484304932735439,0.0034379671150971403,0.0068759342301942805,0.0,6690
-0.006567164179104412,0.011194029850746245,0.006865671641790971,0.006417910447761188,6700
0.0035767511177347,-0.002086438152011927,0.0016393442622950616,0.0,6710
-0.00788690476190479,0.0008928571428571397,0.006398809523809557,0.006547619047619024,6720
0.0011887072808320909,-0.0014858841010401136,0.006092124814264577,0.012481426448737065,6730
0.00563798219584577,0.007863501483679536,0.002225519287833766,0.012017804154302647,6740
0.007555555555555538,-0.001185185185185178,0.009185185185185185,0.002370370370370356,6750
0.00606508875739642,0.0019230769230769162,-0.0013313609467455745,0.002366863905325478,6760
-0.0004431314623338789,0.005169867060561328,-0.0008862629246676468,0.0062038404726735275,6770
0.0023598820058997605,0.004424778761061954,0.005162241887905594,0.005014749262536977,6780
-0.006480117820323983,-0.00044182621502208974,0.0014727540500736325,0.004123711340206171,6790
-0.00382352941176467,-0.0050000000000000044,-0.0023529411764705577,-0.0008823529411764452,6800
0.009838472834067469,0.007488986784141005,0.0032305433186490262,0.007782672540381785,6810
0.0005865102639296405,-0.001612903225806428,0.01143695014662749,0.004985337243401666,6820
0.009077598828696964,0.005856515373352855,0.01830161054172763,0.011859443631039523,6830
-0.00029239766081867735,-0.0011695906432748204,0.007163742690058483,0.0048245614035088424,6840
0.004525547445255462,-0.0020437956204379937,0.0,0.007445255474452517,6850
-0.002915451895043719,0.006122448979591799,0.009766763848396476,0.004664723032069884,6860
-0.007569141193595308,0.0010189228529839944,0.011208151382823828,0.00727802037845704,6870
0.007994186046511698,0.006249999999999978,-0.000290697674418694,0.0031976744186046346,6880
0.0018867924528301883,0.005805515239477477,-0.0013062409288824295,0.0079825834542816,6890
0.003913043478260936,0.009710144927536302,0.005507246376811659,0.011449275362318878,6900
0.00506512301013029,-0.007525325615050593,0.00028943560057881346,-0.004052098408104277,6910
-0.001011560693641611,0.0148843930635838,0.014017341040462483,0.01632947976878607,6920
0.003318903318903277,0.0031746031746031633,0.005627705627705648,-0.0031746031746031633,6930
0.004178674351585032,0.0033141210374639796,-0.0034582132564840995,0.008933717579250655,6940
0.002446043165467593,0.0069064748201439485,0.010215827338129535,0.01985611510791374,6950
0.005028735632183978,0.004166666666666652,0.009770114942528663,-0.0002873563218391828,6960
-0.004878048780487698,0.012195121951219523,0.00918220946915349,0.003443328550932545,6970
-0.0065902578796561695,0.0053008595988538465,0.01246418338108879,0.007020057306590166,6980
-0.005293276108726763,0.0024320457796852546,0.00486409155937062,-0.0011444921316166035,6990
-0.0024285714285714466,0.004142857142857115,0.00014285714285711126,-0.0002857142857142225,7000
-0.0005706134094151105,0.0017118402282454426,0.005706134094151216,0.0008559201141227213,7010
0.007834757834757844,0.014245014245014231,0.004273504273504258,0.00811965811965809,7020
0.0,0.003271692745376975,0.004978662873399764,0.00597439544807965,7030
0.0035511363636363535,0.0014204545454545858,-0.001846590909090895,0.0017045454545454586,7040
0.003262411347517702,0.007943262411347463,0.004255319148936176,0.004680851063829761,7050
0.0005665722379604166,0.001558073654390979,0.0052407932011331315,0.015297450424929249,7060
0.0032531824611031768,0.005091937765205001,0.011032531824611058,0.014002828854314031,7070
-0.0012711864406780293,0.008898305084745761,0.0072033898305085,0.01638418079096049,7080
-0.0001410437235542794,0.006770098730606522,0.00719322990126936,0.009026798307475326,7090
-0.006338028169014076,0.0011267605633802358,0.004225352112676051,0.0,7100
-0.007454289732770736,-0.004781997187060516,-0.0022503516174402494,0.0037974683544304,7110
-0.0005617977528089568,-0.0025280898876404168,-0.0001404494382022392,0.005337078651685423,7120
0.01136044880785414,0.004768583450210362,0.013183730715287556,0.007012622720897643,7130
0.0039215686274510775,0.006582633053221265,-0.0037815126050420034,0.006722689075630228,7140
0.007692307692307665,0.008951048951049034,0.006853146853146863,0.00391608391608389,7150
0.003212290502793258,-0.0054469273743017466,0.0074022346368715075,0.0022346368715083775,7160
0.015481171548117234,0.00264993026499305,0.006276150627615107,0.00557880055788007,7170
0.004456824512534818,0.007381615598885727,0.005013927576601684,0.0069637883008355494,7180
0.0016689847009735415,0.0008344923504867152,0.008762169680111231,0.008762169680111231,7190
-0.000694444444444442,0.005694444444444446,0.008750000000000036,0.00708333333333333,7200
-0.0004160887656032841,0.006796116504854344,0.004160887656033285,0.004715672676837701,7210
-0.01218836565096948,0.0006925207756233176,0.004293628808864192,0.0065096952908587635,7220
0.009820193637620989,0.006777316735822936,0.011479944674965381,0.015905947441217094,7230
0.002209944751381143,-0.002071823204419898,0.00027624309392260127,0.014779005524861888,7240
0.005241379310344851,-0.004275862068965464,-0.001517241379310308,0.011586206896551765,7250
-0.0026170798898071945,-0.0038567493112947604,0.0002754820936639035,0.007575757575757569,7260
0.00729023383768912,0.00852819807427796,0.012379642365887178,0.015543328748280572,7270
0.007554945054945028,-0.0026098901098901006,0.00219780219780219,0.012362637362637319,7280
-0.0005486968449930352,0.005212620027434833,0.011111111111111072,0.008093278463648823,7290
-0.005479452054794498,-0.000684931506849229,0.010000000000000009,0.012191780821917741,7300
0.012722298221614192,0.003967168262653864,0.004377564979480164,-0.001367989056087482,7310
0.0012295081967212962,0.0016393442622950616,0.006967213114754123,0.002732240437158473,7320
-0.008458390177353392,0.007503410641200636,0.00013642564802185397,-0.004502046384720293,7330
0.006811989100817484,-0.002043596730245234,0.0012261580381470738,0.0028610354223432832,7340
0.006802721088435382,0.0027210884353742193,0.012108843537414926,0.005986394557823127,7350
0.003260869565217428,0.0073369565217391575,0.008695652173913104,0.009918478260869557,7360
0.008412483039348717,-0.0017639077340569909,-0.005563093622795168,0.006512890094979684,7370
0.0010840108401084514,0.005284552845528534,0.005420054200542035,0.004878048780487809,7380
-0.006630581867388408,0.004465493910690177,0.009878213802435698,-0.005006765899864707,7390
0.00216216216216214,0.004189189189189202,0.0028378378378378644,0.003783783783783745,7400
0.002834008097166052,0.0037786774628879582,0.0032388663967611864,0.00512820512820511,7410
-0.005929919137466322,0.0016172506738544312,-0.002560646900269581,0.010377358490566091,7420
0.001749663526244949,0.010767160161507361,0.008479138627187077,0.004441453566621845,7430
0.001612903225806428,0.003629032258064546,0.005376344086021501,0.00040322580645157924,7440
0.007651006711409392,0.0021476510067113264,0.010201342281879189,0.0154362416107382,7450
0.008176943699731876,0.008176943699731876,0.013538873994638156,0.009517426273458529,7460
-0.001338688085675943,0.00026773761713527744,0.012583668005354709,0.002008032128514081,7470
0.007620320855615037,0.0018716577540107693,0.004144385026737973,0.002673796791443861,7480
0.0009345794392523477,-0.00627503337783708,0.0002670226969292422,0.003070761014686285,7490
0.0036000000000000476,0.0036000000000000476,0.013066666666666671,0.0033333333333332993,7500
0.000798934753661773,0.004793608521970749,-0.004793608521970638,0.010119840213049347,7510
-0.0014627659574467655,-0.0015957446808511078,0.002925531914893642,0.0066489361702126715,7520
0.00517928286852587,0.009561752988047845,0.007436918990703867,-0.00039840637450194727,7530
-0.0007957559681698312,0.003978779840848823,0.009814323607427067,0.0071618037135278145,7540
0.012847682119205284,-0.002251655629138982,0.006225165562913859,0.0003973509933774544,7550
0.0009259259259259967,0.0038359788359787483,-0.0009259259259258856,0.0064814814814815325,7560
0.0015852047556143,0.012285336856010631,0.008454425363276119,0.009114927344782031,7570
-0.012005277044854878,0.00527704485488123,-0.0021108179419524475,0.0018469656992083916,7580
-0.005928853754940677,0.0019762845849802257,0.0014492753623188692,0.005270092226613898,7590
-0.00013157894736848252,-0.0050000000000000044,-0.007500000000000062,-0.000263157894736854,7600
-0.001971090670170761,-0.003153745072273284,0.00854139290407363,0.01103810775295666,7610
0.004330708661417382,0.01128608923884522,0.0045931758530184386,0.011942257217847807,7620
-0.006290956749672394,-0.0005242463958059496,0.003931847968545177,0.006422018348623881,7630
-0.0037958115183245322,0.0045811518324607725,0.002748691099476508,0.002486910994764391,7640
-0.0032679738562091387,0.00588235294117645,0.009019607843137156,0.0011764705882352233,7650
0.006005221932114835,-0.0016971279373367842,0.007049608355091386,0.009007832898172308,7660
-0.0032594524119947677,-0.002086049543676638,0.0007822685788787531,0.004041720990873632,7670
-0.005078124999999933,0.0015625000000000222,0.0015625000000000222,0.003776041666666674,7680
0.004161248374512261,-0.003120936280884279,0.0028608582574771724,0.0032509752925877766,7690
0.002337662337662305,0.0014285714285714457,0.008961038961038947,0.004675324675324721,7700
0.011673151750972721,0.005577172503242522,0.0007782101167315147,0.007263294422827471,7710
0.0011658031088082055,-0.0010362694300518616,0.0,0.0010362694300517505,7720
0.001681759379042691,0.001681759379042691,0.004915912031047909,0.012031047865459277,7730
0.0003875968992247403,0.009689922480620172,0.003875968992248069,0.004521963824289377,7740
0.0018064516129032704,0.0009032258064516352,-0.002193548387096733,-0.0002580645161289752,7750
0.0037371134020618424,0.003092783505154739,0.0012886597938144284,0.006701030927835028,7760
-0.002702702702702675,-0.00012870012870014325,0.001544401544401497,0.0014157014157013537,7770
0.00025706940874037354,0.0007712082262211206,0.007326478149100257,0.0007712082262211206,7780
0.003337612323491612,0.0053915275994864675,0.001540436456996086,0.008087291399229812,7790
0.003461538461538516,0.0008974358974359609,0.0002564102564102111,-0.002307692307692344,7800
0.0023047375160051287,0.002560819462227859,-0.0035851472471191137,0.008834827144686308,7810
-0.003069053708439906,0.001023017902813228,0.002557544757033292,-0.0031969309462915874,7820
0.005236270753512073,0.007407407407407418,0.0005108556832694733,0.002043422733077893,7830
0.002678571428571419,0.004974489795918413,0.0016581632653061007,0.001530612244897922,7840
0.0029299363057325722,0.0035668789808916967,0.007898089171974432,0.009299363057324816,7850
-0.0020356234096692294,-0.0008905852417303572,0.00330788804071247,0.003053435114503844,7860
-0.0027954256670902344,0.005972045743328991,0.008894536213468918,0.0012706480304954804,7870
0.001903553299492322,-0.0016497461928934865,-0.004822335025380653,0.009263959390862886,7880
0.0027883396704689867,0.00722433460076044,0.011660329531051894,0.007097591888466481,7890
0.008607594936708818,0.0007594936708861244,0.0031645569620252223,0.010126582278481067,7900
0.004930467762326085,0.008849557522123908,-0.00025284450063212116,0.00480404551201008,7910
0.007196969696969702,0.0006313131313130382,0.0023989898989899006,-0.0012626262626261875,7920
0.011475409836065542,0.006179066834804514,0.008953341740226994,-0.0017654476670870833,7930
0.0013853904282116192,0.0013853904282116192,0.014105793450881698,0.003652392947103178,7940
0.008176100628930816,0.011069182389937149,0.0016352201257860965,0.014339622641509453,7950
0.0043969849246230375,0.001633165829145744,0.005276381909547823,0.0028894472361808976,7960
0.0032622333751568533,0.0072772898368883565,0.0010037641154327925,0.00978670012547056,7970
0.007769423558897204,0.0033834586466164884,0.004887218045112829,0.00877192982456143,7980
-0.0017521902377972687,0.0027534418022527873,0.009762202753441751,0.0020025031289111483,7990
0.005750000000000033,0.0030000000000000027,-0.004750000000000032,0.0,8000
0.0003745318352059712,0.003995006242197285,0.003121098626716612,0.0011235955056180247,8010
0.0073566084788030395,0.004738154613466272,0.006982543640897787,0.0017456359102243635,8020
-0.00037359900373601374,-0.002864259028642624,0.007347447073474456,0.012079701120796926,8030
0.003980099502487566,0.00012437810945276073,0.010323383084577142,0.00758706467661685,8040
0.012546583850931659,0.004472049689441038,0.011925465838509286,0.010683229813664541,8050
0.0023573200992556,-0.0029776674937965764,0.005831265508684846,0.002109181141439209,8060
0.0033457249070631967,0.00508054522924406,0.0013630731102849403,0.0033457249070631967,8070
0.00655940594059401,0.001361386138613918,0.004207920792079212,0.012376237623762387,8080
-0.00012360939431399487,-0.0014833127317676054,-0.0029666254635352107,0.005562422744128548,8090
0.004691358024691339,0.00790123456790126,0.004074074074074119,0.012098765432098868,8100
-0.0025893958076448342,0.0016029593094945005,0.010357583230579448,0.0038224414303329457,8110
0.003940886699507318,0.004679802955665058,0.0071428571428571175,0.0035714285714285587,8120
-0.0006150061500614923,-0.007503075030750317,0.0011070110701106861,0.007872078720787212,8130
0.012162162162162149,0.00687960687960687,0.007739557739557701,0.014250614250614246,8140
0.008343558282208563,0.004785276073619671,0.010429447852760676,0.004294478527607448,8150
-0.004166666666666763,0.0004901960784313708,-0.005637254901960764,0.00588235294117645,8160
0.0014687882496939864,-0.0029375764993880837,0.007588739290085633,0.0034271725826192645,8170
0.0034229828850855792,0.005501222493887625,-0.0031784841075794823,0.0033007334963325308,8180
-0.004273504273504369,-0.0028083028083027983,-0.008058608058608141,0.0024420024420024333,8190
-0.0018292682926829285,0.0060975609756097615,-0.0008536585365853666,0.0007317073170731714,8200
0.0010962241169305553,0.0013398294762484442,0.0010962241169305553,0.00012180267965888891,8210
-0.0047445255474452,-0.0014598540145984717,0.0012165450121655041,-0.0001216545012164838,8220
-0.001458080194410627,0.0015795868772782162,0.005467800729040073,0.007168894289185879,8230
-0.002063106796116543,0.003883495145631133,0.004368932038834927,0.004733009708737801,8240
0.002060606060606096,0.0019393939393939075,0.002666666666666595,0.0037575757575757374,8250
0.007384987893462425,0.0019370460048426796,-0.000605326876513379,0.0059322033898304705,8260
0.007738814993954013,0.004353083434099125,0.004594921402660268,0.007496977025392981,8270
-0.008091787439613585,0.0006038647342995196,-0.003743961352656977,0.0028985507246377384,8280
-0.0013268998793727338,0.015922798552472917,0.011097708082026592,0.006272617611580267,8290
-0.0008433734939758963,-0.0034939759036144435,0.008192771084337358,0.0036144578313253017,8300
-0.007340553549939899,-0.0009626955475330323,-0.0014440433212996595,-0.0019253910950661757,8310
0.0026442307692307043,0.0016826923076923572,-0.0040865384615385025,0.0031250000000000444,8320
-0.012364945978391328,-0.0014405762304922076,-0.0009603841536615088,0.0037214885954381938,8330
0.0010791366906474087,0.005875299760191854,0.0055155875299760515,0.005035971223021574,8340
0.007305389221556879,0.010059880239520869,0.008862275449101786,0.025269461077844335,8350
0.010526315789473717,0.003947368421052588,0.01351674641148326,0.009210526315789447,8360
0.0004778972520907976,-0.0020310633213859175,0.0038231780167263807,-0.0004778972520907976,8370
0.0007159904534607131,-0.003341288782816143,0.007159904534606243,0.00417661097852029,8380
0.0016686531585220488,0.0007151370679380209,0.0025029797377831287,0.007747318235995171,8390
0.003928571428571503,-0.006309523809523876,0.011190476190476195,0.006904761904761969,8400
-0.0010701545778835087,0.003567181926278251,0.0052318668252080425,0.008917954815695572,8410
0.001425178147268391,-0.002494061757719712,0.002850356294536893,0.0068883610451305755,8420
0.0013048635824436383,0.003558718861209953,0.004033214709371236,0.0013048635824436383,8430
0.008175355450236954,0.0026066350710900466,0.005213270142180093,0.0015402843601896032,8440
-0.005443786982248566,-0.004378698224852151,-0.008520710059171543,0.001656804733727868,8450
0.0005910165484632746,0.0013002364066193595,0.01134751773049636,0.008510638297872353,8460
-0.006375442739079085,-0.0017709563164108877,0.005312868949232552,0.0035419126328217754,8470
-0.0043632075471697895,0.007900943396226379,-0.0015330188679245627,0.003419811320754751,8480
-0.000942285041224955,0.008362779740871629,0.0036513545347467424,0.00954063604240274,8490
-0.0014117647058823346,0.00741176470588234,0.0015294117647058902,0.010352941176470565,8500
-0.008225616921269108,0.0022326674500587895,0.002937720329024618,-0.0030552291421855893,8510
0.007042253521126751,0.0028169014084507005,0.00011737089201879769,0.0050469483568075235,8520
-0.0003516998827667317,0.002579132473622514,0.0018757327080891617,0.007268464243845196,8530
0.0017564402810305024,-0.004215456674473095,0.0008196721311475308,0.005269320843091285,8540
0.006549707602339194,-0.005146198830409343,0.004093567251461927,0.007134502923976549,8550
0.005957943925233633,0.0033878504672897325,0.0026869158878504162,0.009579439252336508,8560
0.0015169194865810587,0.00221703617269553,0.011901983663944016,0.004200700116686051,8570
0.004195804195804231,0.005944055944055893,0.00722610722610717,0.008508158508158448,8580
-0.004190919674039617,0.0038416763678696952,0.00034924330616992183,0.002561117578579686,8590
-0.009069767441860388,0.0005813953488371659,-0.0018604651162791308,0.0027906976744186407,8600
-0.0011614401858304202,0.005226480836236891,0.002555168408826969,0.0019744483159117587,8610
-0.00023201856148491462,0.002320185614849146,0.004408352668213489,0.0038283062645011467,8620
0.006025492468134441,0.0016222479721900163,0.00451911935110072,0.008111239860950192,8630
-0.0009259259259258856,0.003935185185185208,-0.0008101851851851638,0.00462962962962965,8640
-0.0008092485549132666,-0.009942196531791958,0.00716763005780352,0.011098265895953752,8650
-0.0004618937644341736,0.0025404157043880105,0.0015011547344110365,0.003926096997690531,8660
0.009111880046136167,0.0009227220299884431,0.005536332179930881,0.0032295271049596064,8670
0.009907834101382407,0.001728110599078403,-0.0012672811059908362,0.011175115207373243,8680
0.00011507479861905257,-0.0023014959723820505,-0.0023014959723820505,-0.0044879171461450484,8690
0.00045977011494258146,0.005402298850574749,0.008965517241379284,0.0065517241379310365,8700
0.009758897818599399,0.002066590126291623,0.013432835820895495,0.015040183696900189,8710
0.0021788990825687415,0.005045871559632986,0.008600917431192734,-0.0008027522935780684,8720
0.0020618556701030855,0.005154639175257714,0.007674684994272596,0.0013745704467353903,8730
0.0027459954233409745,0.009610983981693355,0.0073226544622425616,0.003432494279176246,8740
0.004114285714285626,-0.0005714285714285561,0.0053714285714284715,0.0009142857142856453,8750
0.006050228310502281,0.0036529680365297024,0.0004566210045662267,0.003995433789954372,8760
0.0030786773090079045,0.002850627137970352,0.00889395667046744,0.0051311288483466555,8770
-0.0015945330296127658,0.0027334851936218207,0.00558086560364468,0.00466970387243737,8780
0.009556313993174026,0.004095563139931757,-0.005005688282138876,0.006484641638225264,8790
0.0023863636363635754,0.007954545454545436,0.011136363636363611,-0.0023863636363635754,8800
0.005448354143019252,-0.0024971623155505274,0.003632236095346131,0.0014755959137343622,8810
-0.00011337868480731927,-0.0018140589569161092,-0.0019274376417233174,0.0007936507936507908,8820
-0.005436013590033983,0.005549263873159682,0.0018120045300112908,-0.0036240090600226926,8830
-0.0002262443438914019,0.0038461538461539435,0.010067873303167496,0.0033936651583710287,8840
0.003502824858757081,0.0019209039548022666,0.004745762711864443,0.001129943502824804,8850
-0.008577878103837477,-0.00654627539503394,0.0012415349887133775,0.004853273137697567,8860
-0.00022547914317927464,-0.006313416009019135,-0.0010146561443066249,0.0036076662908680612,8870
-0.005518018018017989,0.005630630630630629,0.002702702702702675,0.007432432432432412,8880
-0.003037120359954959,-0.0014623172103487292,0.000899887514060671,0.004836895388076523,8890
0.0010112359550561445,-0.001348314606741563,0.000674157303370726,0.0022471910112359383,8900
-0.00022446689113353457,0.007407407407407418,0.008417508417508435,-0.0024691358024691024,8910
-0.0017937219730942422,-0.0007847533632286963,0.004035874439461962,-0.0004484304932735883,8920
0.0033594624860022737,-0.0007838745800672342,-0.001455767077267689,0.005935050391937313,8930
-0.003355704697986517,0.0038031319910514227,0.002013422818792021,0.00212527964205822,8940
0.007821229050279377,0.013184357541899394,0.004692737430167626,0.0013407821229050043,8950
0.00390625,-0.0031250000000000444,0.0033482142857143016,0.0045758928571428825,8960
0.0013377926421404007,0.0033444816053511683,0.008695652173913104,0.015496098104793687,8970
0.0,0.00022271714922050823,0.0016703786191536452,0.0035634743875279096,8980
-0.002002224694104604,0.00600667408231359,-0.0008898776418242438,0.004004449388209097,8990
0.00022222222222223476,0.005333333333333301,-0.0004444444444443585,0.006888888888888833,9000
0.004328523862375144,-0.006992230854605985,0.00011098779134288694,0.0014428412874584184,9010
-0.000997782705099759,-0.0044345898004434225,0.009090909090909038,0.0067627494456763415,9020
0.004097452934662238,0.003875968992248069,0.003211517165005562,0.005758582502768506,9030
0.004535398230088528,-0.0038716814159291957,-0.0035398230088495852,0.0013274336283185528,9040
0.005966850828729275,-0.00011049723756906271,0.008839779005524906,-0.0014364640883978153,9050
-0.0003311258278144713,0.005187637969094938,0.007836644591611486,0.002207505518763808,9060
-0.002425578831312003,-0.002866593164277842,0.0015435501653803252,0.0018743109151047044,9070
0.004955947136563887,0.005506607929515406,0.0025330396475771177,-0.003964757709251088,9080
-0.004950495049504844,0.008470847084708466,0.003520352035203511,0.015071507150715036,9090
-0.0013186813186812918,0.004175824175824183,-0.001208791208791249,0.0005494505494505475,9100
0.003732162458836341,0.004829857299670781,0.006695938529088896,0.0023051591657519133,9110
0.0017543859649122862,-0.002083333333333437,0.0028508771929824928,0.0007675438596490558,9120
0.006900328587075566,-0.004600219058050414,0.005257393209200489,0.00766703176341732,9130
0.006236323851203429,-0.003391684901531744,0.0064551422319474305,0.007768052516411328,9140
0.00010928961748635224,0.004590163934426239,0.008415300546448123,0.007650273224043769,9150
0.007860262008733576,0.009606986899563297,0.0062227074235807756,0.010589519650655022,9160
0.001199563794983649,0.00414394765539805,0.001962922573609638,0.005125408942202814,9170
0.004030501089324567,-0.0005446623093682268,-0.0039215686274509665,0.010348583877995643,9180
-0.005440696409140466,0.005658324265506054,-0.005440696409140355,0.0016322089227420733,9190
0.004673913043478306,0.001413043478260878,0.0009782608695652062,0.0005434782608695343,9200
-0.004234527687296374,0.00021715526601517876,-0.003800217155266017,0.0069489685124863865,9210
0.007592190889370909,-0.0009761388286334549,0.0008676789587852562,-0.0007592190889371686,9220
0.00043336944745397954,-0.003791982665222071,-0.0003250270855904569,0.004550379198266508,9230
0.00010822510822505738,0.0018398268398268636,0.003679653679653727,0.008116883116883078,9240
-0.0014054054054053466,0.007351351351351343,0.010810810810810811,0.006918918918918937,9250
0.0026997840172786614,0.002267818574513969,0.007775377969762354,0.017062634989200798,9260
-0.0022653721682847072,0.003991370010787532,-0.0004314994606257061,0.005717367853290134,9270
-0.002262931034482829,0.001293103448275823,-0.004525862068965436,0.0057112068965516904,9280
-0.0017222820236814096,0.0005382131324004336,0.0015069967707211918,0.005166846071044118,9290
0.00010752688172044333,0.002258064516129088,0.003225806451612856,-0.00021505376344077565,9300
0.00923737916219125,0.015896885069817346,0.012137486573576828,0.005800214822771266,9310
0.005257510729613668,-0.0038626609442059534,0.00965665236051505,0.0008583690987123971,9320
-0.0007502679528403888,0.0033226152197213255,0.001071811361200492,0.002893890675241151,9330
0.0,0.014453961456102782,0.00706638115631697,0.005674518201284728,9340
0.0064171122994652885,0.0014973262032085266,0.005561497326203257,0.002139037433155133,9350
0.00010683760683760646,-0.0009615384615384581,0.001388888888888884,0.011538461538461497,9360
0.0028815368196372093,-0.0029882604055496698,0.004268943436499528,0.004482390608324449,9370
0.003731343283582045,-0.0027718550106609063,0.004904051172707868,0.0025586353944563323,9380
-0.0037273695420660946,0.005963791267305729,-0.0021299254526091493,-0.0008519701810436597,9390
-0.0037234042553191404,-0.006808510638297904,-0.0011702127659574124,-0.0019148936170213515,9400
-0.0007438894792773931,0.0024442082890542283,0.0048884165781083455,0.007120085015940414,9410
-0.006794055201698512,-0.0002123142250530785,-0.0049893842887474005,-0.003821656050955413,9420
0.005726405090137776,0.00816542948038168,-0.001802757158006374,0.007529162248144261,9430
-0.002860169491525455,0.00010593220338983578,-0.00010593220338983578,0.001377118644067754,9440
-0.003280423280423217,-0.005608465608465618,0.006455026455026491,0.007830687830687855,9450
-0.006765327695560264,-0.0011627906976744429,-0.00010570824524314126,-0.00021141649048628253,9460
-0.005385427666314668,0.0,-0.0031678986272438703,0.00021119324181628762,9470
-0.0035864978902953037,-0.011919831223628718,-0.004008438818565385,-0.004113924050632822,9480
-0.0028451001053739766,-0.005479452054794498,-0.002423603793466844,-0.004109589041095929,9490
0.005473684210526297,0.004526315789473601,0.0024210526315789904,0.005684210526315736,9500
0.0012618296529968154,0.013880126182965302,0.004731861198738141,0.0013669821240799296,9510
0.00010504201680672232,-0.0008403361344537785,0.0031512605042016695,0.0024159663865546133,9520
-0.0020986358866736943,0.00041972717733473885,-0.002938090241343172,0.00031479538300105414,9530
0.0037735849056603765,-0.0013626834381551545,0.005345911949685589,0.0007337526205449807,9540
-0.0019895287958114904,0.0037696335078533094,0.010785340314136138,0.0016753926701570387,9550
0.00345188284518827,0.0036610878661087476,0.007531380753137973,0.009205020920502016,9560
-0.0011494252873562871,0.005015673981191293,-0.006060606060605989,0.007210031347962387,9570
-0.005427974947808001,-0.004801670146137749,-0.007202505219206623,0.004592901878914368,9580
0.002294056308654868,0.0021897810218978186,-0.00031282586027103765,0.0021897810218978186,9590
0.005104166666666687,0.0006249999999999867,0.005833333333333246,0.002291666666666692,9600
0.0034339229968781693,0.004786680541102983,0.005098855359001009,0.009261186264307941,9610
-0.0014553014553013721,0.0,0.004158004158004158,-0.006964656964656868,9620
0.0007268951194184803,0.0035306334371754122,0.002803738317756932,0.0018691588785046953,9630
-0.006120331950207447,-0.001970954356846466,-0.0026970954356846377,0.0009336099585062207,9640
0.002072538860103612,0.007461139896373092,0.00031088082901553626,0.00735751295336784,9650
-0.002795031055900621,0.00020703933747412417,0.01449275362318836,0.00776397515527949,9660
-0.00031023784901762497,0.0005170630816959676,0.0031023784901758056,0.0008273009307134815,9670
-0.005061983471074449,-0.0014462809917356045,0.002272727272727315,0.00723140495867769,9680
-0.0039215686274509665,-0.00041279669762650517,-0.0068111455108359475,-0.0033023735810113752,9690
-0.0026804123711340333,-0.003505154639175334,0.0009278350515464773,-0.009381443298969061,9700
0.0009268795056641688,-0.0012358393408856694,0.006076210092687884,0.002677651905252265,9710
0.0038065843621399864,0.0009259259259258856,0.011625514403292181,-0.004320987654320985,9720
0.001747173689619741,0.0028776978417266452,0.001747173689619741,0.004419321685508737,9730
0.004722792607802839,0.0014373716632444244,-0.0048254620123203695,-0.0005133470225872072,9740
0.0015384615384615996,0.0035897435897436214,0.0036923076923076614,0.004615384615384688,9750
-0.002151639344262213,-0.002049180327868827,0.005225409836065564,0.002151639344262324,9760
-0.0012282497441146178,-0.003377686796315227,0.002661207778915098,0.0031729785056294757,9770
-0.0018404907975460016,0.00746421267893671,-0.0012269938650306678,0.002862985685071595,9780
-0.002042900919305368,0.0019407558733401942,0.008784473953013294,0.005311542390194046,9790
-0.0016326530612245094,0.0056122448979591955,0.0017346938775509857,0.007653061224489832,9800
0.00795107033639142,0.0013251783893984959,0.00020387359836904206,0.006218144750254839,9810
-0.001731160896130346,0.0045824847250509615,0.0016293279022403517,0.0,9820
0.0004069175991862073,-0.003051881993896277,0.0017293997965411867,0.0018311291963377663,9830
0.00040650406504061376,0.002032520325203291,0.004674796747967447,0.007317073170731714,9840
-0.0012182741116751883,-0.001827411167512727,0.00548223350253807,-0.0032487309644669837,9850
-0.004969574036511215,0.0012170385395537942,0.005476673427991852,0.0036511156186612714,9860
-0.001519756838905817,0.007396149949341346,0.004964539007092261,0.003242147922999039,9870
0.0045546558704453455,-0.0015182186234817818,0.0030364372469635637,0.004757085020242857,9880
-0.0005055611729019027,0.0016177957532861331,0.0005055611729019027,0.00596562184024263,9890
-0.0009090909090908594,-0.0018181818181818299,0.003939393939393909,0.006363636363636349,9900
0.003128153380423826,-0.0014127144298688998,0.004137235116044358,0.0055499495459131465,9910
0.0033266129032257785,-0.0037298387096774688,0.0019153225806450846,-0.001612903225806428,9920
-0.002014098690835908,0.0017119838872103887,-0.004330312185297003,0.001007049345417954,9930
-0.00010060362173047732,-0.0012072434607646176,-0.0021126760563380254,0.005130784708249458,9940
0.003919597989949786,0.01005025125628145,0.005025125628140725,0.0030150753768845018,9950
-0.0028112449799196915,-0.0030120481927710108,-0.003012048192771122,0.002911646586345462,9960
-0.006419257773319975,0.008826479438314938,-0.002106318956870634,0.005817452357071207,9970
0.000701402805611262,-0.0033066132264528703,-0.0019038076152304573,0.003406813627254479,9980
-0.004304304304304285,0.004704704704704632,0.0015015015015014122,-0.003103103103103133,9990
