500,1000,1500,2000,d
0.006000000000000005,0.007000000000000006,-0.014666666666666717,-0.0035000000000000586,5
0.019999999999999907,-0.0129999999999999,-0.008666666666666711,0.0020000000000000018,6
0.014000000000000012,-0.0020000000000000018,0.011333333333333306,-0.007000000000000006,7
-0.016000000000000014,0.02200000000000002,-0.00666666666666671,0.0010000000000000009,8
0.018000000000000016,0.02200000000000002,0.009333333333333416,0.0010000000000000009,9
-0.02399999999999991,0.009000000000000008,-0.0020000000000000018,0.008000000000000007,10
0.027999999999999914,0.016000000000000014,-0.0006666666666667043,-0.0050000000000000044,11
-0.0040000000000000036,0.01100000000000001,-0.002666666666666595,-0.006000000000000005,12
0.020000000000000018,0.0020000000000000018,0.0033333333333332993,-0.0034999999999999476,13
0.03199999999999992,-0.013000000000000012,-0.00666666666666671,-0.020499999999999963,14
0.008000000000000007,0.009000000000000008,-0.019333333333333313,0.01100000000000001,15
0.005999999999999894,0.02400000000000002,0.010666666666666602,0.0035000000000000586,16
0.0040000000000000036,-0.0030000000000000027,0.010000000000000009,-0.0020000000000000018,17
-0.0040000000000000036,0.0040000000000000036,-0.0013333333333332975,-0.004999999999999893,18
0.041999999999999926,0.018000000000000016,0.002666666666666595,0.0045000000000000595,19
0.02399999999999991,0.010000000000000009,0.0033333333333334103,-0.008500000000000063,20
0.02400000000000002,-0.010000000000000009,0.026000000000000023,0.007000000000000006,21
0.06999999999999995,0.02300000000000002,0.008666666666666711,0.0010000000000000009,22
0.0020000000000000018,0.027000000000000024,-0.006000000000000005,0.011500000000000066,23
0.041999999999999926,0.009000000000000008,0.0006666666666667043,0.0050000000000000044,24
0.0020000000000000018,0.02400000000000002,0.0086666666666666,-0.0040000000000000036,25
0.03799999999999992,0.0050000000000000044,0.00666666666666671,0.005499999999999949,26
0.014000000000000012,-0.007000000000000006,0.0,0.0014999999999999458,27
-0.03399999999999992,0.0,0.007333333333333303,0.0,28
0.027999999999999914,0.026000000000000023,0.006000000000000005,0.0050000000000000044,29
0.03399999999999992,0.0040000000000000036,0.012666666666666715,0.016000000000000014,30
-0.015999999999999903,0.0010000000000000009,-0.010666666666666713,-0.0050000000000000044,31
0.019999999999999907,-0.0030000000000000027,0.02200000000000002,0.0,32
0.0119999999999999,0.0010000000000000009,0.007333333333333303,-0.0010000000000000009,33
0.03799999999999992,0.019000000000000017,0.0013333333333332975,0.01100000000000001,34
0.03600000000000003,0.006000000000000005,0.0033333333333334103,-0.0010000000000000009,35
0.0020000000000000018,0.013000000000000012,0.01866666666666672,0.009500000000000064,36
0.05599999999999994,0.0030000000000000027,0.014666666666666606,-0.005499999999999949,37
0.03599999999999992,0.009000000000000008,0.0006666666666665932,-0.0040000000000000036,38
0.039999999999999925,0.019000000000000017,-0.0033333333333332993,0.01849999999999996,39
0.05599999999999994,0.039000000000000035,0.012666666666666604,0.0030000000000000027,40
0.028000000000000025,0.008000000000000007,0.008000000000000007,0.0020000000000000018,41
0.016000000000000014,0.040000000000000036,0.0,0.020000000000000018,42
0.013999999999999901,0.02400000000000002,0.006000000000000005,0.019000000000000017,43
0.05999999999999994,0.049000000000000044,0.024666666666666726,0.015000000000000013,44
0.07399999999999995,0.017000000000000015,0.009333333333333305,0.0010000000000000009,45
0.06599999999999995,0.028000000000000025,0.0,0.0050000000000000044,46
0.03400000000000003,0.027000000000000024,0.0040000000000000036,0.008000000000000007,47
0.027999999999999914,0.03500000000000003,0.009333333333333305,0.018000000000000016,48
-0.007999999999999896,0.01200000000000001,0.01866666666666661,0.012500000000000067,49
0.039999999999999925,0.017000000000000015,0.009333333333333416,0.02200000000000002,50
0.04799999999999993,0.03700000000000003,0.01533333333333331,0.009499999999999953,51
0.013999999999999901,0.007000000000000006,0.009333333333333305,0.0014999999999999458,52
0.03399999999999992,0.008000000000000007,0.0040000000000000036,0.012500000000000067,53
0.04999999999999993,0.026000000000000023,0.016000000000000014,0.01100000000000001,54
0.03400000000000003,0.01100000000000001,-0.0013333333333332975,0.013000000000000012,55
0.039999999999999925,0.03600000000000003,0.02066666666666661,0.01649999999999996,56
0.03399999999999992,0.03300000000000003,0.02400000000000002,0.01550000000000007,57
0.04799999999999993,0.017000000000000015,0.0040000000000000036,0.013499999999999956,58
0.019999999999999907,0.01200000000000001,0.01533333333333331,0.014499999999999957,59
0.06599999999999995,0.015000000000000013,0.004666666666666708,0.022499999999999964,60
0.05799999999999994,0.007000000000000006,-0.007333333333333303,0.006000000000000005,61
0.039999999999999925,0.028000000000000025,0.015333333333333421,0.009500000000000064,62
0.027999999999999914,0.02200000000000002,0.0006666666666667043,0.0040000000000000036,63
0.040000000000000036,0.027000000000000024,0.011333333333333417,0.0119999999999999,64
0.07599999999999996,0.03200000000000003,0.004666666666666597,0.02200000000000002,65
0.05999999999999994,0.041000000000000036,0.026000000000000023,0.0020000000000000018,66
0.04799999999999993,0.03300000000000003,0.0020000000000000018,0.006000000000000005,67
0.05999999999999994,0.026000000000000023,0.0020000000000000018,0.03149999999999997,68
0.06999999999999995,0.041000000000000036,0.010000000000000009,0.007999999999999896,69
0.08999999999999997,0.028000000000000025,0.033333333333333326,0.009000000000000008,70
0.09399999999999997,0.015000000000000013,-0.013333333333333308,0.012500000000000067,71
0.07799999999999996,0.02400000000000002,0.01866666666666672,-0.007499999999999951,72
0.03799999999999992,0.04300000000000004,-0.006000000000000005,0.02200000000000002,73
0.04999999999999993,0.027000000000000024,0.029333333333333322,0.017000000000000015,74
0.08799999999999997,0.03599999999999992,0.002666666666666595,0.020000000000000018,75
0.09799999999999998,0.03600000000000003,0.02199999999999991,0.013000000000000012,76
0.09199999999999997,0.025000000000000022,0.018000000000000016,0.026000000000000023,77
0.06599999999999995,0.027000000000000024,0.005333333333333301,0.0040000000000000036,78
0.08599999999999997,0.027000000000000024,0.005333333333333301,0.01649999999999996,79
0.07999999999999996,0.04400000000000004,0.019333333333333313,0.035499999999999976,80
0.09199999999999997,0.019000000000000017,0.015333333333333421,0.01650000000000007,81
0.08999999999999997,0.039999999999999925,0.009333333333333416,-0.022499999999999964,82
0.07399999999999995,0.02300000000000002,0.014000000000000012,-0.0024999999999999467,83
0.10199999999999998,0.027000000000000024,0.01200000000000001,0.01649999999999996,84
0.03399999999999992,0.030000000000000027,0.0013333333333334085,0.01100000000000001,85
0.06999999999999995,0.04200000000000004,0.013333333333333308,0.007500000000000062,86
0.061999999999999944,0.030000000000000027,0.011333333333333306,0.0040000000000000036,87
0.061999999999999944,0.038999999999999924,0.015333333333333421,0.022499999999999964,88
0.06399999999999995,0.010000000000000009,-0.0020000000000000018,0.023499999999999965,89
0.05999999999999994,0.03600000000000003,0.02733333333333332,0.014500000000000068,90
0.10999999999999999,0.020000000000000018,0.02533333333333332,0.0034999999999999476,91
0.09399999999999997,0.03400000000000003,0.021333333333333315,0.014500000000000068,92
0.05599999999999994,0.016000000000000014,0.010000000000000009,0.02100000000000002,93
0.07399999999999995,0.0,0.0086666666666666,0.00550000000000006,94
0.11599999999999999,0.07299999999999995,0.02400000000000002,0.014500000000000068,95
0.11599999999999999,0.04299999999999993,0.018000000000000016,0.02400000000000002,96
0.04599999999999993,0.040999999999999925,0.03533333333333333,0.006000000000000005,97
0.09799999999999998,0.017000000000000015,0.012666666666666715,0.016000000000000014,98
0.08599999999999997,0.02300000000000002,0.030000000000000027,0.021499999999999964,99
0.13,0.03600000000000003,0.028666666666666618,0.023499999999999965,100
0.10199999999999998,0.041999999999999926,0.024666666666666726,0.04049999999999998,101
0.08199999999999996,0.02400000000000002,0.01866666666666672,0.025499999999999967,102
0.15200000000000002,0.030000000000000027,0.011333333333333306,0.0020000000000000018,103
0.09399999999999997,0.06099999999999994,0.010666666666666602,0.027999999999999914,104
0.09999999999999998,0.03600000000000003,0.02533333333333332,0.014000000000000012,105
0.128,0.029000000000000026,0.009333333333333305,0.024499999999999966,106
0.08199999999999996,0.04700000000000004,0.018000000000000016,0.026000000000000023,107
0.10599999999999998,0.0040000000000000036,0.01866666666666672,0.030000000000000027,108
0.07399999999999995,0.04599999999999993,0.03466666666666662,0.017000000000000015,109
0.10799999999999998,0.020000000000000018,0.033333333333333326,0.02749999999999997,110
0.09599999999999997,0.038000000000000034,0.028000000000000025,0.015499999999999958,111
0.09199999999999997,0.06299999999999994,0.02533333333333332,0.020000000000000018,112
0.09799999999999998,0.025000000000000022,0.011333333333333306,0.013999999999999901,113
0.132,0.06499999999999995,0.008000000000000007,0.03499999999999992,114
0.128,0.049000000000000044,0.03600000000000003,0.025499999999999967,115
0.10999999999999999,0.05399999999999994,0.033333333333333326,0.019999999999999907,116
0.08799999999999997,0.051000000000000045,0.028666666666666618,0.020000000000000018,117
0.132,0.04700000000000004,0.021333333333333315,0.009000000000000008,118
0.11599999999999999,0.04499999999999993,0.01200000000000001,0.03249999999999997,119
0.08599999999999997,0.029000000000000026,0.021333333333333315,0.02300000000000002,120
0.17600000000000005,0.05399999999999994,0.033333333333333326,0.016000000000000014,121
0.09599999999999997,0.061999999999999944,0.016666666666666607,0.019499999999999962,122
0.17200000000000004,0.05799999999999994,0.03600000000000003,0.03649999999999998,123
0.08799999999999997,0.07099999999999995,0.016666666666666607,0.020499999999999963,124
0.14800000000000002,0.029999999999999916,0.02533333333333332,0.020999999999999908,125
0.14,0.07299999999999995,0.023333333333333428,0.006500000000000061,126
0.122,0.06699999999999995,0.04600000000000004,0.013499999999999956,127
0.14,0.05599999999999994,0.04533333333333334,0.017000000000000015,128
0.16000000000000003,0.038000000000000034,0.029333333333333322,0.015000000000000013,129
0.138,0.04299999999999993,0.024666666666666726,0.02850000000000008,130
0.16200000000000003,0.04600000000000004,0.043333333333333335,0.016000000000000014,131
0.19000000000000006,0.05499999999999994,0.038000000000000034,0.0014999999999999458,132
0.15200000000000002,0.05599999999999994,0.029333333333333322,0.00649999999999995,133
0.238,0.06599999999999995,0.019333333333333425,0.022499999999999964,134
0.134,0.029000000000000026,0.029333333333333322,0.030999999999999917,135
0.14800000000000002,0.04699999999999993,0.02733333333333332,0.021499999999999964,136
0.11599999999999999,0.03799999999999992,0.03599999999999992,0.02399999999999991,137
0.10999999999999999,0.08099999999999996,0.02200000000000002,0.026499999999999968,138
0.20200000000000007,0.052000000000000046,0.03866666666666663,0.009000000000000008,139
0.07799999999999996,0.05400000000000005,0.043333333333333335,0.009000000000000008,140
0.12,0.03199999999999992,0.05399999999999994,0.03199999999999992,141
0.22599999999999998,0.05399999999999994,0.022666666666666724,0.03299999999999992,142
0.16000000000000003,0.06099999999999994,0.038000000000000034,0.014499999999999957,143
0.274,0.08399999999999996,0.022666666666666613,0.015000000000000013,144
0.16400000000000003,0.027000000000000024,0.04733333333333334,0.03199999999999992,145
0.10599999999999998,0.06000000000000005,0.03533333333333333,-0.0024999999999999467,146
0.136,0.04700000000000004,0.020666666666666722,0.024499999999999966,147
0.21400000000000008,0.06899999999999995,0.03400000000000003,0.020499999999999963,148
0.21599999999999997,0.05599999999999994,0.04400000000000004,0.02200000000000002,149
0.21399999999999997,0.05399999999999994,0.04733333333333334,0.03149999999999997,150
0.274,0.04799999999999993,0.036666666666666625,0.040000000000000036,151
0.264,0.05499999999999994,0.03733333333333333,0.02200000000000002,152
0.17800000000000005,0.03599999999999992,0.06266666666666665,0.04699999999999993,153
0.276,0.06699999999999995,0.024666666666666726,0.023499999999999965,154
0.19800000000000006,0.03300000000000003,0.03533333333333333,0.026499999999999968,155
0.26,0.07699999999999996,0.05400000000000005,0.019000000000000017,156
0.15800000000000003,0.07499999999999996,0.021333333333333315,0.03600000000000003,157
0.278,0.06000000000000005,0.04400000000000004,0.034499999999999975,158
0.18200000000000005,0.07999999999999996,0.03933333333333333,0.019499999999999962,159
0.236,0.05999999999999994,0.03199999999999992,0.025999999999999912,160
0.10599999999999998,0.06599999999999995,0.031333333333333324,0.029000000000000026,161
0.21000000000000008,0.05499999999999994,0.022666666666666613,0.01849999999999996,162
0.248,0.09899999999999998,0.03866666666666674,0.015499999999999958,163
0.31999999999999995,0.07299999999999995,0.03399999999999992,0.021499999999999964,164
0.21000000000000008,0.10399999999999998,0.03266666666666662,0.04399999999999993,165
0.272,0.09799999999999998,0.05400000000000005,0.024499999999999966,166
0.258,0.08899999999999997,0.03466666666666662,0.015499999999999958,167
0.28400000000000003,0.06799999999999995,0.04466666666666674,0.04249999999999998,168
0.262,0.06999999999999995,0.03200000000000003,0.04299999999999993,169
0.28800000000000003,0.07399999999999995,0.06533333333333335,0.024499999999999966,170
0.30600000000000005,0.07699999999999996,0.04733333333333334,0.04499999999999993,171
0.262,0.07799999999999996,0.052000000000000046,0.03599999999999992,172
0.31599999999999995,0.10099999999999998,0.028666666666666618,0.033499999999999974,173
0.25,0.08699999999999997,0.04533333333333334,0.03249999999999997,174
0.28800000000000003,0.05700000000000005,0.05133333333333334,0.021499999999999964,175
0.18400000000000005,0.06899999999999995,0.04933333333333334,0.015499999999999958,176
0.29599999999999993,0.08999999999999997,0.07200000000000006,0.03249999999999997,177
0.276,0.09299999999999997,0.043333333333333335,0.04399999999999993,178
0.248,0.08099999999999996,0.04466666666666663,0.015999999999999903,179
0.15200000000000002,0.08299999999999996,0.039999999999999925,0.017000000000000015,180
0.22399999999999998,0.07699999999999996,0.06400000000000006,0.03700000000000003,181
0.268,0.09799999999999998,0.04266666666666663,0.03849999999999998,182
0.28200000000000003,0.127,0.05799999999999994,0.025499999999999967,183
0.31999999999999995,0.09799999999999998,0.033333333333333326,0.05349999999999999,184
0.23199999999999998,0.09399999999999997,0.06066666666666665,0.04849999999999999,185
0.32799999999999996,0.07899999999999996,0.04400000000000004,0.031000000000000028,186
0.238,0.08399999999999996,0.04600000000000004,0.05149999999999999,187
0.262,0.08199999999999996,0.03866666666666663,0.025999999999999912,188
0.252,0.07099999999999995,0.038000000000000034,0.03749999999999998,189
0.274,0.08499999999999996,0.05666666666666664,0.026999999999999913,190
0.256,0.061999999999999944,0.04399999999999993,0.04400000000000004,191
0.258,0.07199999999999995,0.07133333333333336,0.05149999999999999,192
0.29400000000000004,0.08099999999999996,0.07400000000000007,0.04749999999999999,193
0.278,0.08099999999999996,0.03799999999999992,0.03700000000000003,194
0.276,0.08199999999999996,0.07533333333333336,0.027999999999999914,195
0.29000000000000004,0.08199999999999996,0.058666666666666756,0.025000000000000022,196
0.28600000000000003,0.07299999999999995,0.04933333333333334,0.04800000000000004,197
0.25,0.08599999999999997,0.05933333333333335,0.02849999999999997,198
0.31599999999999995,0.121,0.06333333333333335,0.03400000000000003,199
0.32399999999999995,0.09999999999999998,0.07333333333333336,0.03749999999999998,200
0.252,0.122,0.06866666666666665,0.040000000000000036,201
0.31799999999999995,0.11699999999999999,0.06266666666666676,0.03649999999999998,202
0.28600000000000003,0.122,0.10533333333333328,0.03300000000000003,203
0.29800000000000004,0.07199999999999995,0.05666666666666664,0.04799999999999993,204
0.28,0.10499999999999998,0.04933333333333334,0.03149999999999997,205
0.276,0.09299999999999997,0.06600000000000006,0.03500000000000003,206
0.30200000000000005,0.15700000000000003,0.052000000000000046,0.05349999999999999,207
0.31799999999999995,0.10799999999999998,0.07733333333333337,0.041000000000000036,208
0.29200000000000004,0.129,0.07799999999999996,0.029999999999999916,209
0.28,0.129,0.05133333333333334,0.027999999999999914,210
0.33399999999999996,0.11499999999999999,0.11066666666666669,0.03700000000000003,211
0.27,0.129,0.07199999999999995,0.04849999999999999,212
0.24,0.136,0.07733333333333337,0.030000000000000027,213
0.32199999999999995,0.10299999999999998,0.09599999999999997,0.03299999999999992,214
0.22799999999999998,0.124,0.08400000000000007,0.05600000000000005,215
0.31200000000000006,0.14400000000000002,0.06666666666666665,0.03949999999999998,216
0.28400000000000003,0.126,0.07333333333333336,0.056499999999999995,217
0.28200000000000003,0.15100000000000002,0.07133333333333325,0.022499999999999964,218
0.31999999999999995,0.11099999999999999,0.06066666666666665,0.016000000000000014,219
0.32199999999999995,0.09899999999999998,0.08933333333333338,0.03849999999999998,220
0.29000000000000004,0.10099999999999998,0.06266666666666665,0.040999999999999925,221
0.29400000000000004,0.09399999999999997,0.07999999999999996,0.05300000000000005,222
0.29000000000000004,0.09399999999999997,0.08466666666666667,0.03049999999999997,223
0.28200000000000003,0.18599999999999994,0.08133333333333337,0.044499999999999984,224
0.28400000000000003,0.10099999999999998,0.10266666666666668,0.046499999999999986,225
0.262,0.18400000000000005,0.07399999999999995,0.04899999999999993,226
0.258,0.15600000000000003,0.05999999999999994,0.04399999999999993,227
0.28,0.10999999999999999,0.07066666666666677,0.04300000000000004,228
0.33199999999999996,0.137,0.08466666666666667,0.025499999999999967,229
0.274,0.10799999999999998,0.055333333333333234,0.03600000000000003,230
0.28800000000000003,0.125,0.08066666666666666,0.05249999999999999,231
0.26,0.15400000000000003,0.07266666666666666,0.04949999999999999,232
0.29400000000000004,0.128,0.08066666666666666,0.056499999999999995,233
0.278,0.07199999999999995,0.07200000000000006,0.05799999999999994,234
0.29600000000000004,0.15000000000000002,0.06866666666666665,0.04699999999999993,235
0.256,0.126,0.07666666666666666,0.041999999999999926,236
0.28,0.11199999999999999,0.08600000000000008,0.040000000000000036,237
0.28800000000000003,0.09499999999999997,0.09333333333333338,0.03499999999999992,238
0.29800000000000004,0.14700000000000002,0.07133333333333336,0.03399999999999992,239
0.274,0.17700000000000005,0.08800000000000008,0.040999999999999925,240
0.258,0.10499999999999998,0.08000000000000007,0.030999999999999917,241
0.29000000000000004,0.16200000000000003,0.08599999999999997,0.044499999999999984,242
0.25,0.21999999999999997,0.05400000000000005,0.03600000000000003,243
0.28400000000000003,0.12,0.1306666666666667,0.057499999999999996,244
0.254,0.08799999999999997,0.07399999999999995,0.046499999999999986,245
0.272,0.12,0.10533333333333328,0.04349999999999998,246
0.32999999999999996,0.245,0.10133333333333328,0.07050000000000001,247
0.28400000000000003,0.131,0.08399999999999996,0.04200000000000004,248
0.264,0.10399999999999998,0.11933333333333329,0.049000000000000044,249
0.268,0.16200000000000003,0.08866666666666667,0.039999999999999925,250
0.244,0.123,0.07066666666666666,0.04749999999999999,251
0.278,0.13,0.06266666666666665,0.07699999999999996,252
0.268,0.21699999999999997,0.122,0.01100000000000001,253
0.29400000000000004,0.16900000000000004,0.07200000000000006,0.061000000000000054,254
0.254,0.17599999999999993,0.09999999999999998,0.05500000000000005,255
0.252,0.131,0.05733333333333335,0.0695,256
0.28400000000000003,0.22099999999999997,0.09066666666666667,0.046499999999999986,257
0.28400000000000003,0.20099999999999996,0.07333333333333336,0.04349999999999998,258
0.30600000000000005,0.19199999999999995,0.10866666666666658,0.0605,259
0.28200000000000003,0.19599999999999995,0.09199999999999997,0.07100000000000006,260
0.28600000000000003,0.21499999999999997,0.11533333333333329,0.04999999999999993,261
0.258,0.19599999999999995,0.15666666666666662,0.0605,262
0.29200000000000004,0.14900000000000002,0.15466666666666673,0.05500000000000005,263
0.30600000000000005,0.21200000000000008,0.10866666666666658,0.04700000000000004,264
0.28400000000000003,0.14200000000000002,0.1153333333333334,0.04049999999999998,265
0.28200000000000003,0.18999999999999995,0.08733333333333337,0.038000000000000034,266
0.27,0.253,0.07533333333333336,0.05049999999999999,267
0.276,0.17499999999999993,0.07600000000000007,0.050999999999999934,268
0.30800000000000005,0.14800000000000002,0.09799999999999998,0.04749999999999999,269
0.248,0.22999999999999998,0.16533333333333333,0.04500000000000004,270
0.29000000000000004,0.15300000000000002,0.10533333333333339,0.06299999999999994,271
0.33199999999999996,0.18099999999999994,0.09666666666666668,0.05599999999999994,272
0.244,0.248,0.122,0.05149999999999999,273
0.248,0.20099999999999996,0.15133333333333332,0.0615,274
0.266,0.19799999999999995,0.16000000000000003,0.07199999999999995,275
0.35,0.19299999999999995,0.10466666666666657,0.07850000000000001,276
0.29400000000000004,0.258,0.11266666666666669,0.05900000000000005,277
0.272,0.20099999999999996,0.09866666666666668,0.07099999999999995,278
0.248,0.21299999999999997,0.10666666666666669,0.04849999999999999,279
0.31200000000000006,0.18199999999999994,0.12266666666666659,0.06099999999999994,280
0.33199999999999996,0.16300000000000003,0.09333333333333338,0.044499999999999984,281
0.31399999999999995,0.246,0.16133333333333333,0.05900000000000005,282
0.268,0.20399999999999996,0.13666666666666671,0.05149999999999999,283
0.278,0.16800000000000004,0.15266666666666662,0.055499999999999994,284
0.30400000000000005,0.20100000000000007,0.1326666666666667,0.0645,285
0.278,0.22299999999999998,0.1446666666666666,0.08700000000000008,286
0.30800000000000005,0.269,0.1466666666666666,0.0685,287
0.26,0.253,0.13866666666666672,0.07950000000000002,288
0.28800000000000003,0.257,0.1499999999999999,0.09450000000000003,289
0.268,0.21499999999999997,0.126,0.056499999999999995,290
0.252,0.22999999999999998,0.1373333333333333,0.0595,291
0.278,0.256,0.14400000000000002,0.07099999999999995,292
0.29800000000000004,0.20299999999999996,0.15733333333333333,0.08850000000000002,293
0.252,0.21599999999999997,0.15000000000000002,0.050000000000000044,294
0.28400000000000003,0.17699999999999994,0.1226666666666667,0.0675,295
0.276,0.22299999999999998,0.15666666666666662,0.06500000000000006,296
0.28200000000000003,0.23199999999999998,0.124,0.0595,297
0.32999999999999996,0.253,0.15600000000000003,0.09000000000000008,298
0.274,0.259,0.122,0.0695,299
0.256,0.22399999999999998,0.1306666666666667,0.08350000000000002,300
0.30000000000000004,0.238,0.16533333333333333,0.08600000000000008,301
0.266,0.20999999999999996,0.1266666666666667,0.07650000000000001,302
0.28600000000000003,0.261,0.15399999999999991,0.10400000000000009,303
0.29600000000000004,0.239,0.16800000000000004,0.0655,304
0.30600000000000005,0.258,0.15333333333333332,0.07700000000000007,305
0.28600000000000003,0.247,0.138,0.09750000000000003,306
0.264,0.247,0.15533333333333332,0.05300000000000005,307
0.244,0.22399999999999998,0.17400000000000004,0.05699999999999994,308
0.242,0.243,0.1393333333333333,0.07150000000000001,309
0.31399999999999995,0.22799999999999998,0.17266666666666663,0.07450000000000001,310
0.28,0.276,0.1446666666666666,0.06099999999999994,311
0.29600000000000004,0.28,0.15733333333333333,0.0605,312
0.244,0.266,0.15466666666666662,0.051999999999999935,313
0.27,0.242,0.15733333333333333,0.09199999999999997,314
0.29200000000000004,0.22699999999999998,0.17866666666666664,0.08099999999999996,315
0.30000000000000004,0.259,0.1486666666666666,0.08099999999999996,316
0.28,0.255,0.17333333333333334,0.07250000000000001,317
0.30600000000000005,0.253,0.1426666666666666,0.06499999999999995,318
0.30400000000000005,0.22899999999999998,0.16000000000000003,0.0695,319
0.262,0.23199999999999998,0.17333333333333334,0.07050000000000001,320
0.28800000000000003,0.253,0.16066666666666662,0.061000000000000054,321
0.262,0.22399999999999998,0.16933333333333334,0.07700000000000007,322
0.25,0.249,0.16799999999999993,0.05400000000000005,323
0.30600000000000005,0.21499999999999997,0.17666666666666664,0.07500000000000007,324
0.28200000000000003,0.25,0.18133333333333335,0.06600000000000006,325
0.262,0.268,0.16133333333333333,0.06499999999999995,326
0.30399999999999994,0.274,0.1393333333333333,0.06099999999999994,327
0.26,0.243,0.15466666666666662,0.07250000000000001,328
0.266,0.21799999999999997,0.16200000000000003,0.08500000000000008,329
0.29000000000000004,0.29500000000000004,0.15266666666666662,0.07750000000000001,330
0.30200000000000005,0.249,0.18600000000000005,0.07750000000000001,331
0.26,0.244,0.10666666666666669,0.08399999999999996,332
0.28800000000000003,0.23099999999999998,0.19199999999999995,0.11699999999999999,333
0.254,0.22699999999999998,0.17333333333333334,0.11250000000000004,334
0.30800000000000005,0.24,0.16666666666666663,0.10399999999999998,335
0.274,0.247,0.15466666666666662,0.08599999999999997,336
0.29200000000000004,0.22999999999999998,0.17600000000000005,0.08650000000000002,337
0.31200000000000006,0.273,0.18133333333333335,0.1050000000000001,338
0.30999999999999994,0.21599999999999997,0.15600000000000003,0.08050000000000002,339
0.274,0.256,0.16666666666666663,0.07850000000000001,340
0.276,0.263,0.16400000000000003,0.07499999999999996,341
0.254,0.248,0.16066666666666662,0.08099999999999996,342
0.28,0.279,0.14933333333333332,0.10550000000000004,343
0.278,0.23299999999999998,0.16000000000000003,0.14250000000000007,344
0.31799999999999995,0.266,0.19599999999999995,0.07250000000000001,345
0.28800000000000003,0.20099999999999996,0.20133333333333325,0.10350000000000004,346
0.268,0.268,0.16200000000000003,0.08200000000000007,347
0.29000000000000004,0.244,0.15666666666666673,0.07750000000000001,348
0.244,0.253,0.19266666666666665,0.10250000000000004,349
0.272,0.257,0.15866666666666662,0.09850000000000003,350
0.252,0.263,0.17066666666666663,0.06699999999999995,351
0.278,0.255,0.1246666666666667,0.09050000000000002,352
0.27,0.243,0.17333333333333334,0.09900000000000009,353
0.268,0.269,0.17266666666666663,0.08150000000000002,354
0.236,0.279,0.18600000000000005,0.07750000000000001,355
0.252,0.251,0.16866666666666663,0.07150000000000001,356
0.29400000000000004,0.23399999999999999,0.15666666666666662,0.08600000000000008,357
0.29600000000000004,0.246,0.18733333333333335,0.1080000000000001,358
0.31599999999999995,0.252,0.18666666666666665,0.14549999999999996,359
0.28400000000000003,0.264,0.15933333333333333,0.09500000000000008,360
0.358,0.248,0.18400000000000005,0.10350000000000004,361
0.29200000000000004,0.243,0.16266666666666663,0.10699999999999998,362
0.278,0.22399999999999998,0.19666666666666666,0.09450000000000003,363
0.276,0.244,0.16533333333333333,0.11649999999999994,364
0.30400000000000005,0.263,0.17666666666666664,0.07250000000000001,365
0.252,0.22999999999999998,0.16400000000000003,0.08299999999999996,366
0.32399999999999995,0.244,0.18866666666666665,0.10750000000000004,367
0.30200000000000005,0.251,0.14933333333333332,0.12149999999999994,368
0.258,0.252,0.18933333333333335,0.09650000000000003,369
0.25,0.237,0.16133333333333333,0.06999999999999995,370
0.29200000000000004,0.261,0.17666666666666664,0.10350000000000004,371
0.25,0.253,0.15133333333333332,0.1110000000000001,372
0.23399999999999999,0.246,0.15800000000000003,0.11549999999999994,373
0.28200000000000003,0.18200000000000005,0.18333333333333335,0.11350000000000005,374
0.29600000000000004,0.262,0.17066666666666663,0.11050000000000004,375
0.278,0.237,0.15666666666666662,0.08550000000000002,376
0.266,0.22999999999999998,0.17000000000000004,0.08999999999999997,377
0.274,0.269,0.17733333333333334,0.11599999999999999,378
0.31000000000000005,0.23099999999999998,0.18600000000000005,0.12250000000000005,379
0.33599999999999997,0.254,0.18000000000000005,0.129,380
0.26,0.23199999999999998,0.17466666666666664,0.08650000000000002,381
0.29000000000000004,0.249,0.18200000000000005,0.09650000000000003,382
0.274,0.236,0.16066666666666662,0.11299999999999999,383
0.276,0.24,0.19533333333333336,0.09499999999999997,384
0.28,0.22499999999999998,0.14066666666666672,0.12150000000000005,385
0.30400000000000005,0.246,0.16466666666666663,0.10199999999999998,386
0.262,0.23199999999999998,0.16600000000000004,0.09200000000000008,387
0.31000000000000005,0.242,0.18733333333333335,0.09900000000000009,388
0.264,0.253,0.18533333333333335,0.124,389
0.242,0.22399999999999998,0.138,0.13049999999999995,390
0.30200000000000005,0.22799999999999998,0.15400000000000003,0.121,391
0.244,0.239,0.18000000000000005,0.11850000000000005,392
0.29000000000000004,0.20899999999999996,0.15600000000000003,0.1755,393
0.25,0.239,0.17333333333333334,0.09650000000000003,394
0.252,0.22999999999999998,0.14200000000000002,0.10250000000000004,395
0.30999999999999994,0.253,0.18266666666666664,0.11349999999999993,396
0.30599999999999994,0.255,0.18799999999999994,0.13949999999999996,397
0.25,0.21099999999999997,0.18933333333333335,0.11149999999999993,398
0.254,0.251,0.18266666666666664,0.1725,399
0.28600000000000003,0.256,0.16000000000000003,0.11849999999999994,400
0.28400000000000003,0.28,0.17400000000000004,0.15300000000000002,401
0.274,0.249,0.18000000000000005,0.14149999999999996,402
0.27,0.246,0.17000000000000004,0.11449999999999994,403
0.264,0.241,0.18000000000000005,0.1160000000000001,404
0.278,0.259,0.15933333333333333,0.125,405
0.27,0.244,0.16066666666666662,0.10399999999999998,406
0.268,0.251,0.1413333333333333,0.07050000000000001,407
0.246,0.248,0.14066666666666672,0.139,408
0.30999999999999994,0.256,0.15666666666666662,0.12049999999999994,409
0.30600000000000005,0.23199999999999998,0.18400000000000005,0.14049999999999996,410
0.272,0.256,0.16133333333333333,0.18299999999999994,411
0.266,0.264,0.17400000000000004,0.12,412
0.31799999999999995,0.236,0.1486666666666666,0.11450000000000005,413
0.244,0.21999999999999997,0.16533333333333333,0.11350000000000005,414
0.28,0.235,0.16266666666666663,0.14250000000000007,415
0.29400000000000004,0.22799999999999998,0.17800000000000005,0.1775,416
0.258,0.30800000000000005,0.16933333333333334,0.10850000000000004,417
0.268,0.22899999999999998,0.16933333333333334,0.10299999999999998,418
0.29200000000000004,0.27,0.15866666666666662,0.14800000000000002,419
0.29000000000000004,0.22999999999999998,0.17333333333333334,0.15249999999999997,420
0.252,0.251,0.17733333333333334,0.1795000000000001,421
0.252,0.23199999999999998,0.16866666666666663,0.17600000000000005,422
0.29200000000000004,0.25,0.15400000000000003,0.16000000000000003,423
0.31000000000000005,0.266,0.14600000000000002,0.13749999999999996,424
0.248,0.247,0.17266666666666663,0.15900000000000003,425
0.30800000000000005,0.236,0.18600000000000005,0.13750000000000007,426
0.29000000000000004,0.21299999999999997,0.17266666666666663,0.16299999999999992,427
0.28400000000000003,0.238,0.16800000000000004,0.1855,428
0.262,0.262,0.1433333333333333,0.1725,429
0.25,0.18799999999999994,0.18799999999999994,0.16600000000000004,430
0.28200000000000003,0.28800000000000003,0.17133333333333334,0.15900000000000003,431
0.272,0.238,0.17400000000000004,0.18600000000000005,432
0.31399999999999995,0.239,0.19666666666666666,0.15150000000000008,433
0.28400000000000003,0.268,0.20399999999999996,0.1765,434
0.28400000000000003,0.256,0.18266666666666664,0.13249999999999995,435
0.278,0.243,0.17200000000000004,0.16600000000000004,436
0.28800000000000003,0.23099999999999998,0.19466666666666665,0.125,437
0.26,0.22199999999999998,0.17533333333333334,0.133,438
0.262,0.20299999999999996,0.17000000000000004,0.14100000000000001,439
0.28400000000000003,0.22499999999999998,0.14400000000000002,0.10850000000000004,440
0.278,0.22799999999999998,0.17200000000000004,0.14900000000000002,441
0.268,0.258,0.1486666666666666,0.18100000000000005,442
0.30400000000000005,0.22899999999999998,0.138,0.17900000000000005,443
0.244,0.274,0.15600000000000003,0.2015,444
0.30000000000000004,0.20399999999999996,0.17000000000000004,0.17500000000000004,445
0.25,0.21299999999999997,0.14600000000000002,0.18100000000000005,446
0.28,0.243,0.16733333333333333,0.1855,447
0.258,0.23199999999999998,0.14266666666666672,0.15100000000000002,448
0.29000000000000004,0.22899999999999998,0.19133333333333336,0.16049999999999998,449
0.278,0.253,0.15333333333333332,0.16799999999999993,450
0.32599999999999996,0.253,0.18066666666666664,0.17099999999999993,451
0.262,0.261,0.16733333333333333,0.14600000000000002,452
0.31200000000000006,0.247,0.19199999999999995,0.17599999999999993,453
0.29400000000000004,0.20999999999999996,0.18066666666666664,0.19699999999999995,454
0.28600000000000003,0.239,0.16533333333333333,0.1855,455
0.31799999999999995,0.246,0.1433333333333333,0.18100000000000005,456
0.264,0.22099999999999997,0.18600000000000005,0.16699999999999993,457
0.23399999999999999,0.20299999999999996,0.15333333333333332,0.18699999999999994,458
0.28600000000000003,0.22199999999999998,0.1433333333333333,0.16000000000000003,459
0.256,0.269,0.16066666666666662,0.1915,460
0.278,0.237,0.14,0.17500000000000004,461
0.276,0.20899999999999996,0.18333333333333335,0.18300000000000005,462
0.29000000000000004,0.21399999999999997,0.18266666666666664,0.17049999999999998,463
0.29000000000000004,0.236,0.15266666666666662,0.21450000000000002,464
0.32199999999999995,0.268,0.16466666666666663,0.2025,465
0.30200000000000005,0.263,0.17333333333333334,0.19299999999999995,466
0.264,0.21099999999999997,0.15133333333333332,0.1915,467
0.276,0.239,0.17600000000000005,0.1995,468
0.28400000000000003,0.237,0.15333333333333332,0.1995,469
0.28,0.22799999999999998,0.18133333333333335,0.18300000000000005,470
0.31200000000000006,0.20999999999999996,0.18200000000000005,0.17000000000000004,471
0.28,0.252,0.18533333333333335,0.1825,472
0.264,0.22599999999999998,0.17266666666666663,0.18000000000000005,473
0.29400000000000004,0.237,0.17000000000000004,0.1775,474
0.266,0.24,0.16133333333333333,0.21199999999999997,475
0.256,0.22999999999999998,0.15000000000000002,0.20399999999999996,476
0.266,0.259,0.136,0.18600000000000005,477
0.29600000000000004,0.267,0.20666666666666667,0.21299999999999997,478
0.29600000000000004,0.239,0.16266666666666663,0.1885,479
0.238,0.243,0.17400000000000004,0.1875,480
0.28200000000000003,0.247,0.132,0.17700000000000005,481
0.246,0.22099999999999997,0.19866666666666666,0.18299999999999994,482
0.31399999999999995,0.258,0.16066666666666662,0.18100000000000005,483
0.30800000000000005,0.255,0.18533333333333335,0.1985,484
0.29800000000000004,0.259,0.14600000000000002,0.1945,485
0.32199999999999995,0.22299999999999998,0.17200000000000004,0.1865,486
0.28,0.22299999999999998,0.16933333333333334,0.1945,487
0.28800000000000003,0.242,0.19999999999999996,0.20950000000000002,488
0.30400000000000005,0.21799999999999997,0.15933333333333333,0.19799999999999995,489
0.29400000000000004,0.22999999999999998,0.15666666666666662,0.17900000000000005,490
0.29200000000000004,0.22399999999999998,0.15466666666666662,0.19499999999999995,491
0.252,0.253,0.18533333333333335,0.19899999999999995,492
0.238,0.246,0.1393333333333333,0.1825,493
0.28600000000000003,0.24,0.14533333333333331,0.1975,494
0.258,0.22299999999999998,0.13866666666666672,0.1865,495
0.278,0.27,0.18666666666666665,0.1835,496
0.31999999999999995,0.23299999999999998,0.15466666666666662,0.22399999999999998,497
0.33799999999999997,0.252,0.19799999999999995,0.1935,498
0.29600000000000004,0.247,0.17200000000000004,0.21399999999999997,499
0.32399999999999995,0.249,0.16733333333333333,0.1965,500
0.28800000000000003,0.21499999999999997,0.18400000000000005,0.17000000000000004,501
0.31399999999999995,0.242,0.18933333333333335,0.21850000000000003,502
0.30000000000000004,0.23099999999999998,0.17000000000000004,0.19699999999999995,503
0.256,0.23299999999999998,0.16866666666666663,0.1865,504
0.252,0.22899999999999998,0.19866666666666666,0.18300000000000005,505
0.278,0.22899999999999998,0.16400000000000003,0.16949999999999998,506
0.29000000000000004,0.245,0.17533333333333334,0.1935,507
0.35,0.24,0.16533333333333333,0.20099999999999996,508
0.31399999999999995,0.237,0.16066666666666662,0.1975,509
0.31999999999999995,0.22999999999999998,0.17933333333333334,0.2005,510
0.28400000000000003,0.245,0.17000000000000004,0.1745,511
0.264,0.21999999999999997,0.17066666666666663,0.2015,512
0.276,0.246,0.19333333333333336,0.21099999999999997,513
0.278,0.21699999999999997,0.18333333333333335,0.19699999999999995,514
0.31000000000000005,0.245,0.1353333333333333,0.20599999999999996,515
0.28800000000000003,0.241,0.18266666666666664,0.2015,516
0.29800000000000004,0.22299999999999998,0.17400000000000004,0.1995,517
0.258,0.244,0.15866666666666662,0.1995,518
0.31599999999999995,0.241,0.1486666666666666,0.20350000000000001,519
0.29800000000000004,0.242,0.17533333333333334,0.19799999999999995,520
0.26,0.22799999999999998,0.19533333333333336,0.20750000000000002,521
0.31200000000000006,0.254,0.14,0.18600000000000005,522
0.29800000000000004,0.20599999999999996,0.18600000000000005,0.18999999999999995,523
0.29800000000000004,0.252,0.16600000000000004,0.21150000000000002,524
0.30400000000000005,0.237,0.18933333333333335,0.18500000000000005,525
0.264,0.21999999999999997,0.16333333333333333,0.1805,526
0.30399999999999994,0.23399999999999999,0.17066666666666663,0.21450000000000002,527
0.264,0.23299999999999998,0.1373333333333333,0.1975,528
0.30000000000000004,0.243,0.17800000000000005,0.18500000000000005,529
0.29600000000000004,0.20799999999999996,0.18799999999999994,0.1995,530
0.30200000000000005,0.22999999999999998,0.17000000000000004,0.22699999999999998,531
0.28400000000000003,0.254,0.22133333333333338,0.20750000000000002,532
0.29800000000000004,0.265,0.16066666666666662,0.1945,533
0.28,0.248,0.13666666666666671,0.20350000000000001,534
0.23399999999999999,0.21199999999999997,0.15000000000000002,0.2015,535
0.31799999999999995,0.21299999999999997,0.17000000000000004,0.1995,536
0.268,0.238,0.18933333333333335,0.1965,537
0.28800000000000003,0.22299999999999998,0.17200000000000004,0.2025,538
0.30200000000000005,0.241,0.15666666666666662,0.20699999999999996,539
0.30400000000000005,0.258,0.15533333333333332,0.18600000000000005,540
0.30800000000000005,0.21199999999999997,0.14800000000000002,0.18500000000000005,541
0.266,0.21599999999999997,0.18733333333333335,0.20199999999999996,542
0.31000000000000005,0.23199999999999998,0.15400000000000003,0.21850000000000003,543
0.31399999999999995,0.22399999999999998,0.134,0.18799999999999994,544
0.30600000000000005,0.263,0.14733333333333332,0.1845,545
0.264,0.24,0.16933333333333334,0.19599999999999995,546
0.31399999999999995,0.258,0.15200000000000002,0.21499999999999997,547
0.29800000000000004,0.246,0.1273333333333333,0.16449999999999998,548
0.29400000000000004,0.25,0.14466666666666672,0.20199999999999996,549
0.29000000000000004,0.252,0.1346666666666667,0.1725,550
0.276,0.23399999999999999,0.17533333333333334,0.1905,551
0.29400000000000004,0.22899999999999998,0.15066666666666662,0.22599999999999998,552
0.274,0.23199999999999998,0.21933333333333338,0.20450000000000002,553
0.32799999999999996,0.239,0.17200000000000004,0.1995,554
0.30800000000000005,0.256,0.16800000000000004,0.2015,555
0.278,0.253,0.18866666666666665,0.19499999999999995,556
0.28,0.21599999999999997,0.1466666666666666,0.21050000000000002,557
0.30800000000000005,0.21899999999999997,0.1413333333333333,0.19999999999999996,558
0.256,0.244,0.19133333333333336,0.18400000000000005,559
0.30200000000000005,0.247,0.16066666666666662,0.1855,560
0.28400000000000003,0.22999999999999998,0.16533333333333333,0.1855,561
0.32199999999999995,0.23199999999999998,0.18666666666666665,0.21950000000000003,562
0.276,0.253,0.17200000000000004,0.22450000000000003,563
0.29000000000000004,0.23099999999999998,0.16466666666666663,0.20850000000000002,564
0.28200000000000003,0.21599999999999997,0.1326666666666667,0.1785,565
0.32599999999999996,0.238,0.15733333333333333,0.20850000000000002,566
0.29000000000000004,0.249,0.18200000000000005,0.17600000000000005,567
0.31599999999999995,0.21199999999999997,0.136,0.19899999999999995,568
0.278,0.237,0.17866666666666664,0.19599999999999995,569
0.31000000000000005,0.20999999999999996,0.16800000000000004,0.21599999999999997,570
0.29000000000000004,0.244,0.1333333333333333,0.20750000000000002,571
0.264,0.243,0.1306666666666667,0.1875,572
0.268,0.22299999999999998,0.16133333333333333,0.21850000000000003,573
0.33399999999999996,0.241,0.138,0.20350000000000001,574
0.30000000000000004,0.23299999999999998,0.16600000000000004,0.19799999999999995,575
0.31399999999999995,0.22399999999999998,0.14400000000000002,0.2005,576
0.278,0.21499999999999997,0.18000000000000005,0.18500000000000005,577
0.30800000000000005,0.239,0.1413333333333333,0.20450000000000002,578
0.33199999999999996,0.22799999999999998,0.1466666666666666,0.20550000000000002,579
0.28,0.22399999999999998,0.19466666666666665,0.1955,580
0.268,0.25,0.17133333333333334,0.1905,581
0.29200000000000004,0.23099999999999998,0.16600000000000004,0.20899999999999996,582
0.27,0.21199999999999997,0.15666666666666662,0.21450000000000002,583
0.29000000000000004,0.22699999999999998,0.15733333333333333,0.20750000000000002,584
0.264,0.248,0.16066666666666662,0.1915,585
0.276,0.21999999999999997,0.16666666666666663,0.18899999999999995,586
0.28200000000000003,0.22599999999999998,0.14400000000000002,0.1795,587
0.28600000000000003,0.22099999999999997,0.17400000000000004,0.19999999999999996,588
0.29800000000000004,0.253,0.18133333333333335,0.1795,589
0.29000000000000004,0.22799999999999998,0.18333333333333335,0.1925,590
0.32199999999999995,0.23099999999999998,0.15333333333333332,0.19699999999999995,591
0.29600000000000004,0.20599999999999996,0.15600000000000003,0.18000000000000005,592
0.29000000000000004,0.23299999999999998,0.15266666666666662,0.20399999999999996,593
0.266,0.20599999999999996,0.15466666666666662,0.1945,594
0.28200000000000003,0.243,0.14800000000000002,0.20650000000000002,595
0.30400000000000005,0.21599999999999997,0.1466666666666666,0.19399999999999995,596
0.31000000000000005,0.243,0.17600000000000005,0.20450000000000002,597
0.254,0.24,0.14600000000000002,0.1925,598
0.29600000000000004,0.21599999999999997,0.15933333333333333,0.1845,599
0.31799999999999995,0.21599999999999997,0.136,0.20650000000000002,600
0.29400000000000004,0.21899999999999997,0.20533333333333337,0.20550000000000002,601
0.31999999999999995,0.239,0.14733333333333332,0.19799999999999995,602
0.278,0.21899999999999997,0.15533333333333332,0.20199999999999996,603
0.31999999999999995,0.21299999999999997,0.15800000000000003,0.1935,604
0.28400000000000003,0.21699999999999997,0.16133333333333333,0.1885,605
0.28800000000000003,0.23399999999999999,0.1466666666666666,0.21099999999999997,606
0.30400000000000005,0.23099999999999998,0.20066666666666666,0.18799999999999994,607
0.25,0.22599999999999998,0.1433333333333333,0.20999999999999996,608
0.30800000000000005,0.22999999999999998,0.17133333333333334,0.20450000000000002,609
0.29800000000000004,0.21799999999999997,0.18533333333333335,0.21599999999999997,610
0.29400000000000004,0.22499999999999998,0.14800000000000002,0.20650000000000002,611
0.30600000000000005,0.18899999999999995,0.13,0.21150000000000002,612
0.30000000000000004,0.235,0.16800000000000004,0.19799999999999995,613
0.268,0.24,0.16400000000000003,0.20850000000000002,614
0.29200000000000004,0.23299999999999998,0.15200000000000002,0.20850000000000002,615
0.258,0.259,0.17600000000000005,0.1975,616
0.262,0.21699999999999997,0.15400000000000003,0.20450000000000002,617
0.28800000000000003,0.20599999999999996,0.17000000000000004,0.19499999999999995,618
0.31599999999999995,0.237,0.18799999999999994,0.1885,619
0.30200000000000005,0.23399999999999999,0.17466666666666664,0.19299999999999995,620
0.26,0.242,0.16466666666666663,0.20199999999999996,621
0.32799999999999996,0.23199999999999998,0.16066666666666662,0.20750000000000002,622
0.31200000000000006,0.263,0.17200000000000004,0.1925,623
0.29200000000000004,0.23399999999999999,0.15200000000000002,0.19099999999999995,624
0.30800000000000005,0.256,0.14933333333333332,0.20399999999999996,625
0.31199999999999994,0.251,0.16133333333333333,0.19199999999999995,626
0.31599999999999995,0.239,0.16800000000000004,0.20299999999999996,627
0.268,0.20899999999999996,0.14800000000000002,0.1995,628
0.26,0.22299999999999998,0.1306666666666667,0.1995,629
0.31000000000000005,0.241,0.14466666666666672,0.18300000000000005,630
0.28,0.21499999999999997,0.17266666666666663,0.21799999999999997,631
0.30400000000000005,0.20499999999999996,0.17733333333333334,0.1875,632
0.278,0.22599999999999998,0.15866666666666662,0.21399999999999997,633
0.268,0.239,0.14066666666666672,0.21199999999999997,634
0.30799999999999994,0.23199999999999998,0.16333333333333333,0.19199999999999995,635
0.28600000000000003,0.21799999999999997,0.15266666666666662,0.21350000000000002,636
0.30400000000000005,0.22399999999999998,0.16000000000000003,0.22550000000000003,637
0.28,0.236,0.15933333333333333,0.20299999999999996,638
0.258,0.246,0.16133333333333333,0.19599999999999995,639
0.31200000000000006,0.21099999999999997,0.16533333333333333,0.20999999999999996,640
0.272,0.22699999999999998,0.15733333333333333,0.1975,641
0.29200000000000004,0.20799999999999996,0.16800000000000004,0.21650000000000003,642
0.29800000000000004,0.23399999999999999,0.17133333333333334,0.20750000000000002,643
0.28,0.253,0.15533333333333332,0.18899999999999995,644
0.30600000000000005,0.22899999999999998,0.17200000000000004,0.19799999999999995,645
0.28,0.244,0.16933333333333334,0.19599999999999995,646
0.29200000000000004,0.22999999999999998,0.14933333333333332,0.20650000000000002,647
0.27,0.247,0.16866666666666663,0.20650000000000002,648
0.31399999999999995,0.22199999999999998,0.18933333333333335,0.19299999999999995,649
0.29400000000000004,0.23399999999999999,0.17000000000000004,0.21650000000000003,650
0.29400000000000004,0.22999999999999998,0.14066666666666672,0.19299999999999995,651
0.33799999999999997,0.245,0.1466666666666666,0.18400000000000005,652
0.29200000000000004,0.238,0.1333333333333333,0.1865,653
0.274,0.26,0.14800000000000002,0.22099999999999997,654
0.32399999999999995,0.235,0.16600000000000004,0.20199999999999996,655
0.30600000000000005,0.247,0.16266666666666663,0.18500000000000005,656
0.274,0.252,0.13,0.21850000000000003,657
0.30600000000000005,0.238,0.1246666666666667,0.1865,658
0.28600000000000003,0.19999999999999996,0.17200000000000004,0.1765,659
0.31599999999999995,0.23099999999999998,0.1346666666666667,0.21899999999999997,660
0.278,0.244,0.18066666666666664,0.20950000000000002,661
0.32599999999999996,0.20999999999999996,0.17866666666666664,0.1895,662
0.29000000000000004,0.243,0.14533333333333331,0.21850000000000003,663
0.28200000000000003,0.21399999999999997,0.16200000000000003,0.17300000000000004,664
0.30800000000000005,0.23299999999999998,0.14066666666666672,0.1815,665
0.33599999999999997,0.21999999999999997,0.16133333333333333,0.21699999999999997,666
0.30800000000000005,0.21299999999999997,0.15533333333333332,0.20750000000000002,667
0.276,0.248,0.15333333333333332,0.20999999999999996,668
0.28600000000000003,0.264,0.14266666666666672,0.19799999999999995,669
0.29000000000000004,0.21199999999999997,0.128,0.18799999999999994,670
0.32199999999999995,0.254,0.13666666666666671,0.18899999999999995,671
0.28,0.247,0.14,0.19799999999999995,672
0.278,0.242,0.15333333333333332,0.1765,673
0.256,0.249,0.1466666666666666,0.19599999999999995,674
0.29600000000000004,0.241,0.15266666666666662,0.21150000000000002,675
0.29000000000000004,0.247,0.15000000000000002,0.21299999999999997,676
0.26,0.21899999999999997,0.1333333333333333,0.1885,677
0.29200000000000004,0.22499999999999998,0.17000000000000004,0.1775,678
0.28200000000000003,0.23299999999999998,0.16800000000000004,0.23099999999999998,679
0.31799999999999995,0.21599999999999997,0.15400000000000003,0.19299999999999995,680
0.29600000000000004,0.21099999999999997,0.15266666666666662,0.19199999999999995,681
0.29800000000000004,0.21599999999999997,0.15533333333333332,0.20350000000000001,682
0.32999999999999996,0.235,0.134,0.1945,683
0.31000000000000005,0.245,0.1466666666666666,0.20499999999999996,684
0.29000000000000004,0.239,0.16533333333333333,0.19799999999999995,685
0.29600000000000004,0.21599999999999997,0.122,0.20450000000000002,686
0.28400000000000003,0.252,0.16666666666666663,0.2005,687
0.356,0.245,0.14600000000000002,0.22450000000000003,688
0.28,0.264,0.136,0.19999999999999996,689
0.29400000000000004,0.236,0.15600000000000003,0.17400000000000004,690
0.29200000000000004,0.20999999999999996,0.1433333333333333,0.24350000000000005,691
0.31399999999999995,0.21799999999999997,0.15400000000000003,0.1965,692
0.32399999999999995,0.20999999999999996,0.1486666666666666,0.20199999999999996,693
0.30200000000000005,0.244,0.15666666666666662,0.1905,694
0.29400000000000004,0.244,0.15800000000000003,0.1775,695
0.30600000000000005,0.21999999999999997,0.15000000000000002,0.20750000000000002,696
0.29000000000000004,0.243,0.15866666666666662,0.18700000000000006,697
0.276,0.22199999999999998,0.17400000000000004,0.18500000000000005,698
0.31599999999999995,0.235,0.1486666666666666,0.20750000000000002,699
0.278,0.21499999999999997,0.17133333333333334,0.19899999999999995,700
0.33799999999999997,0.22899999999999998,0.17200000000000004,0.1925,701
0.29200000000000004,0.252,0.16400000000000003,0.22150000000000003,702
0.28,0.23399999999999999,0.14266666666666672,0.1845,703
0.33799999999999997,0.21599999999999997,0.15133333333333332,0.20750000000000002,704
0.30200000000000005,0.21999999999999997,0.1266666666666667,0.2015,705
0.31599999999999995,0.20199999999999996,0.1413333333333333,0.1765,706
0.30800000000000005,0.243,0.1373333333333333,0.21350000000000002,707
0.31000000000000005,0.21399999999999997,0.1226666666666667,0.21250000000000002,708
0.31399999999999995,0.21399999999999997,0.17066666666666663,0.21499999999999997,709
0.348,0.23399999999999999,0.16266666666666663,0.1985,710
0.348,0.22199999999999998,0.16066666666666662,0.1785,711
0.29800000000000004,0.21599999999999997,0.15733333333333333,0.1895,712
0.31200000000000006,0.235,0.17333333333333334,0.19999999999999996,713
0.28200000000000003,0.237,0.1233333333333333,0.20750000000000002,714
0.266,0.23299999999999998,0.16400000000000003,0.20499999999999996,715
0.30600000000000005,0.23399999999999999,0.15733333333333333,0.20999999999999996,716
0.29000000000000004,0.22899999999999998,0.1286666666666667,0.17900000000000005,717
0.29600000000000004,0.22799999999999998,0.15800000000000003,0.1995,718
0.33799999999999997,0.244,0.14066666666666672,0.21399999999999997,719
0.29600000000000004,0.21199999999999997,0.138,0.17500000000000004,720
0.262,0.22399999999999998,0.17200000000000004,0.1885,721
0.32399999999999995,0.256,0.14800000000000002,0.19299999999999995,722
0.28,0.22799999999999998,0.17200000000000004,0.19999999999999996,723
0.30200000000000005,0.22999999999999998,0.15533333333333332,0.20299999999999996,724
0.31000000000000005,0.22199999999999998,0.16400000000000003,0.1985,725
0.29600000000000004,0.25,0.15000000000000002,0.1915,726
0.29600000000000004,0.21599999999999997,0.15400000000000003,0.21899999999999997,727
0.31599999999999995,0.22499999999999998,0.16933333333333334,0.20299999999999996,728
0.28600000000000003,0.24,0.15266666666666662,0.1965,729
0.256,0.22499999999999998,0.16200000000000003,0.1975,730
0.32599999999999996,0.248,0.1326666666666667,0.18300000000000005,731
0.246,0.22099999999999997,0.17333333333333334,0.21499999999999997,732
0.346,0.238,0.15533333333333332,0.15900000000000003,733
0.31599999999999995,0.21499999999999997,0.16000000000000003,0.1755,734
0.272,0.22699999999999998,0.15466666666666662,0.22050000000000003,735
0.29000000000000004,0.242,0.17933333333333334,0.19499999999999995,736
0.32799999999999996,0.23399999999999999,0.21066666666666667,0.16649999999999998,737
0.29000000000000004,0.238,0.16666666666666663,0.20450000000000002,738
0.354,0.239,0.16066666666666662,0.21199999999999997,739
0.258,0.237,0.16800000000000004,0.1925,740
0.28600000000000003,0.22499999999999998,0.15533333333333332,0.1825,741
0.31200000000000006,0.22799999999999998,0.17000000000000004,0.2005,742
0.31599999999999995,0.21799999999999997,0.15466666666666662,0.18200000000000005,743
0.276,0.22499999999999998,0.14200000000000002,0.1945,744
0.30000000000000004,0.22799999999999998,0.15400000000000003,0.18600000000000005,745
0.264,0.21599999999999997,0.14400000000000002,0.19999999999999996,746
0.28200000000000003,0.21899999999999997,0.16600000000000004,0.21399999999999997,747
0.32199999999999995,0.22099999999999997,0.15266666666666662,0.18600000000000005,748
0.32399999999999995,0.21899999999999997,0.16400000000000003,0.18400000000000005,749
0.272,0.22899999999999998,0.16533333333333333,0.17800000000000005,750
0.27,0.23099999999999998,0.16533333333333333,0.18300000000000005,751
0.28,0.22599999999999998,0.15533333333333332,0.1855,752
0.268,0.248,0.14733333333333332,0.16800000000000004,753
0.29400000000000004,0.246,0.15133333333333332,0.18200000000000005,754
0.266,0.22799999999999998,0.17133333333333334,0.18300000000000005,755
0.31399999999999995,0.236,0.17733333333333334,0.2015,756
0.29600000000000004,0.239,0.15266666666666662,0.1885,757
0.29000000000000004,0.21399999999999997,0.1486666666666666,0.1895,758
0.29000000000000004,0.242,0.15533333333333332,0.19799999999999995,759
0.30000000000000004,0.22899999999999998,0.16600000000000004,0.1955,760
0.32199999999999995,0.237,0.1486666666666666,0.1945,761
0.28600000000000003,0.20099999999999996,0.15133333333333332,0.21050000000000002,762
0.32199999999999995,0.19399999999999995,0.15066666666666662,0.1965,763
0.30200000000000005,0.238,0.16133333333333333,0.20550000000000002,764
0.278,0.23299999999999998,0.16666666666666674,0.21350000000000002,765
0.31799999999999995,0.235,0.136,0.19999999999999996,766
0.354,0.21799999999999997,0.14466666666666672,0.1955,767
0.32599999999999996,0.25,0.15200000000000002,0.1825,768
0.276,0.21899999999999997,0.15333333333333332,0.16900000000000004,769
0.32199999999999995,0.23399999999999999,0.1373333333333333,0.1925,770
0.30200000000000005,0.22299999999999998,0.15533333333333332,0.1745,771
0.30600000000000005,0.23299999999999998,0.17200000000000004,0.1945,772
0.32399999999999995,0.21699999999999997,0.15866666666666662,0.22850000000000004,773
0.264,0.22599999999999998,0.14733333333333332,0.1965,774
0.28,0.21899999999999997,0.18266666666666664,0.20750000000000002,775
0.30200000000000005,0.21099999999999997,0.16133333333333333,0.19099999999999995,776
0.31000000000000005,0.22899999999999998,0.16400000000000003,0.18200000000000005,777
0.28600000000000003,0.22799999999999998,0.14933333333333332,0.1905,778
0.30000000000000004,0.22999999999999998,0.16733333333333333,0.19799999999999995,779
0.28200000000000003,0.255,0.1293333333333333,0.20750000000000002,780
0.30800000000000005,0.20999999999999996,0.13666666666666671,0.20099999999999996,781
0.29200000000000004,0.21399999999999997,0.16533333333333333,0.18899999999999995,782
0.28200000000000003,0.247,0.1393333333333333,0.1825,783
0.31000000000000005,0.22799999999999998,0.1393333333333333,0.18999999999999995,784
0.276,0.238,0.14533333333333331,0.20299999999999996,785
0.28800000000000003,0.24,0.14733333333333332,0.20199999999999996,786
0.28,0.22899999999999998,0.16533333333333333,0.17700000000000005,787
0.30400000000000005,0.21699999999999997,0.13,0.1775,788
0.33799999999999997,0.20999999999999996,0.16600000000000004,0.18500000000000005,789
0.31999999999999995,0.22199999999999998,0.16333333333333333,0.18100000000000005,790
0.252,0.20199999999999996,0.16400000000000003,0.18600000000000005,791
0.31200000000000006,0.21899999999999997,0.16666666666666663,0.20499999999999996,792
0.30200000000000005,0.22499999999999998,0.15000000000000002,0.18300000000000005,793
0.32199999999999995,0.268,0.15400000000000003,0.19699999999999995,794
0.29400000000000004,0.23099999999999998,0.14600000000000002,0.1885,795
0.278,0.22999999999999998,0.17066666666666663,0.21550000000000002,796
0.30400000000000005,0.235,0.15400000000000003,0.20599999999999996,797
0.30400000000000005,0.22399999999999998,0.15000000000000002,0.20450000000000002,798
0.274,0.22299999999999998,0.15333333333333332,0.1925,799
0.28800000000000003,0.20599999999999996,0.15266666666666662,0.1945,800
0.29800000000000004,0.21599999999999997,0.14466666666666672,0.20599999999999996,801
0.31399999999999995,0.21999999999999997,0.14800000000000002,0.1955,802
0.30800000000000005,0.239,0.15200000000000002,0.19599999999999995,803
0.33199999999999996,0.241,0.1466666666666666,0.19199999999999995,804
0.30200000000000005,0.23199999999999998,0.14466666666666672,0.1945,805
0.29400000000000004,0.22599999999999998,0.16466666666666663,0.20599999999999996,806
0.31799999999999995,0.242,0.16066666666666662,0.19799999999999995,807
0.30200000000000005,0.22399999999999998,0.1433333333333333,0.22499999999999998,808
0.30600000000000005,0.20999999999999996,0.15333333333333332,0.1785,809
0.31399999999999995,0.21299999999999997,0.1213333333333333,0.19199999999999995,810
0.32999999999999996,0.20899999999999996,0.15466666666666662,0.18799999999999994,811
0.28,0.22599999999999998,0.16200000000000003,0.1845,812
0.31200000000000006,0.268,0.1433333333333333,0.17400000000000004,813
0.31599999999999995,0.21099999999999997,0.16466666666666663,0.19499999999999995,814
0.32199999999999995,0.23199999999999998,0.16800000000000004,0.17900000000000005,815
0.276,0.23399999999999999,0.15933333333333333,0.18300000000000005,816
0.31399999999999995,0.22999999999999998,0.16266666666666663,0.18799999999999994,817
0.252,0.20099999999999996,0.17266666666666663,0.18799999999999994,818
0.27,0.21999999999999997,0.16200000000000003,0.1755,819
0.31399999999999995,0.249,0.15200000000000002,0.20699999999999996,820
0.30200000000000005,0.263,0.1433333333333333,0.18200000000000005,821
0.358,0.243,0.15133333333333332,0.1995,822
0.31799999999999995,0.252,0.14466666666666672,0.18400000000000005,823
0.31999999999999995,0.20299999999999996,0.17000000000000004,0.1825,824
0.30000000000000004,0.253,0.15666666666666662,0.19399999999999995,825
0.278,0.21599999999999997,0.15733333333333333,0.21499999999999997,826
0.28400000000000003,0.22299999999999998,0.18333333333333335,0.17900000000000005,827
0.28200000000000003,0.248,0.19133333333333336,0.17900000000000005,828
0.32999999999999996,0.22999999999999998,0.15533333333333332,0.16700000000000004,829
0.28200000000000003,0.22599999999999998,0.15133333333333332,0.18999999999999995,830
0.30400000000000005,0.21599999999999997,0.16266666666666663,0.20299999999999996,831
0.30600000000000005,0.23299999999999998,0.15466666666666662,0.19399999999999995,832
0.276,0.23399999999999999,0.16600000000000004,0.16700000000000004,833
0.29400000000000004,0.24,0.15066666666666662,0.17100000000000004,834
0.29800000000000004,0.235,0.14066666666666672,0.18799999999999994,835
0.32199999999999995,0.22499999999999998,0.17733333333333334,0.18300000000000005,836
0.28800000000000003,0.22299999999999998,0.15933333333333333,0.20899999999999996,837
0.31599999999999995,0.251,0.16533333333333333,0.18500000000000005,838
0.30400000000000005,0.235,0.16933333333333334,0.20850000000000002,839
0.31399999999999995,0.257,0.15333333333333332,0.2025,840
0.28600000000000003,0.22699999999999998,0.15333333333333332,0.21350000000000002,841
0.30400000000000005,0.237,0.14733333333333332,0.18799999999999994,842
0.30800000000000005,0.21699999999999997,0.15866666666666662,0.1905,843
0.31599999999999995,0.19999999999999996,0.16000000000000003,0.1885,844
0.27,0.21099999999999997,0.18666666666666665,0.19099999999999995,845
0.29200000000000004,0.20699999999999996,0.17400000000000004,0.1795,846
0.32999999999999996,0.265,0.15466666666666662,0.1875,847
0.33799999999999997,0.20899999999999996,0.17066666666666663,0.1985,848
0.33399999999999996,0.254,0.16600000000000004,0.20199999999999996,849
0.34199999999999997,0.241,0.15866666666666662,0.1945,850
0.29200000000000004,0.21399999999999997,0.16066666666666662,0.18899999999999995,851
0.30000000000000004,0.247,0.14200000000000002,0.19299999999999995,852
0.28800000000000003,0.22699999999999998,0.17200000000000004,0.19699999999999995,853
0.29800000000000004,0.253,0.15866666666666662,0.21150000000000002,854
0.28200000000000003,0.22499999999999998,0.15533333333333332,0.18300000000000005,855
0.28,0.23199999999999998,0.15266666666666662,0.19599999999999995,856
0.28,0.22999999999999998,0.15200000000000002,0.1965,857
0.30800000000000005,0.20999999999999996,0.14400000000000002,0.1895,858
0.32599999999999996,0.22799999999999998,0.15733333333333333,0.18500000000000005,859
0.274,0.235,0.16600000000000004,0.21750000000000003,860
0.272,0.20599999999999996,0.15200000000000002,0.21599999999999997,861
0.32599999999999996,0.22599999999999998,0.1413333333333333,0.19499999999999995,862
0.32599999999999996,0.23299999999999998,0.14933333333333332,0.21050000000000002,863
0.30200000000000005,0.20299999999999996,0.15266666666666662,0.1845,864
0.31399999999999995,0.239,0.16933333333333334,0.16900000000000004,865
0.28200000000000003,0.251,0.17466666666666664,0.1895,866
0.278,0.21499999999999997,0.17133333333333334,0.1995,867
0.28600000000000003,0.21799999999999997,0.15800000000000003,0.21299999999999997,868
0.31399999999999995,0.255,0.15533333333333332,0.19199999999999995,869
0.30800000000000005,0.265,0.17600000000000005,0.1915,870
0.29200000000000004,0.23099999999999998,0.17266666666666663,0.17149999999999999,871
0.29600000000000004,0.272,0.15733333333333333,0.19199999999999995,872
0.31799999999999995,0.249,0.15866666666666662,0.1915,873
0.278,0.22399999999999998,0.17933333333333334,0.18999999999999995,874
0.27,0.235,0.17266666666666663,0.19599999999999995,875
0.32799999999999996,0.21799999999999997,0.1346666666666667,0.18100000000000005,876
0.32399999999999995,0.251,0.16066666666666662,0.15349999999999997,877
0.354,0.20799999999999996,0.15466666666666662,0.20899999999999996,878
0.29000000000000004,0.22999999999999998,0.1373333333333333,0.1795,879
0.276,0.22399999999999998,0.1326666666666667,0.19499999999999995,880
0.29400000000000004,0.22999999999999998,0.16266666666666674,0.19999999999999996,881
0.29600000000000004,0.238,0.14466666666666672,0.1995,882
0.33599999999999997,0.23299999999999998,0.16600000000000004,0.1805,883
0.30400000000000005,0.249,0.18266666666666664,0.17600000000000005,884
0.29000000000000004,0.22399999999999998,0.16200000000000003,0.1985,885
0.272,0.22199999999999998,0.17466666666666664,0.19799999999999995,886
0.30400000000000005,0.23299999999999998,0.15933333333333333,0.18000000000000005,887
0.274,0.22699999999999998,0.16266666666666663,0.18799999999999994,888
0.31399999999999995,0.24,0.15200000000000002,0.20899999999999996,889
0.274,0.238,0.14600000000000002,0.20699999999999996,890
0.29800000000000004,0.21099999999999997,0.15066666666666662,0.22350000000000003,891
0.31999999999999995,0.22599999999999998,0.15133333333333332,0.16449999999999998,892
0.31599999999999995,0.22499999999999998,0.16200000000000003,0.1835,893
0.31999999999999995,0.251,0.15866666666666662,0.1975,894
0.29600000000000004,0.20999999999999996,0.16533333333333333,0.17049999999999998,895
0.276,0.22499999999999998,0.14800000000000002,0.1815,896
0.31000000000000005,0.243,0.14933333333333332,0.1855,897
0.30000000000000004,0.249,0.16466666666666663,0.17700000000000005,898
0.29000000000000004,0.235,0.15333333333333332,0.18400000000000005,899
0.31000000000000005,0.266,0.17533333333333334,0.1935,900
0.31000000000000005,0.23099999999999998,0.16333333333333333,0.1955,901
0.31999999999999995,0.20699999999999996,0.15533333333333332,0.17200000000000004,902
0.30200000000000005,0.21099999999999997,0.17000000000000004,0.19599999999999995,903
0.31200000000000006,0.236,0.15333333333333332,0.20750000000000002,904
0.32999999999999996,0.22499999999999998,0.16066666666666662,0.1885,905
0.28400000000000003,0.23299999999999998,0.15933333333333333,0.15949999999999998,906
0.32399999999999995,0.21699999999999997,0.14933333333333332,0.1915,907
0.346,0.237,0.15933333333333333,0.1765,908
0.29000000000000004,0.242,0.17000000000000004,0.20599999999999996,909
0.27,0.23199999999999998,0.134,0.1935,910
0.31399999999999995,0.20999999999999996,0.17400000000000004,0.17149999999999999,911
0.30600000000000005,0.21999999999999997,0.16000000000000003,0.1845,912
0.28800000000000003,0.235,0.17400000000000004,0.1975,913
0.274,0.245,0.15600000000000003,0.1965,914
0.32199999999999995,0.25,0.15400000000000003,0.21199999999999997,915
0.30999999999999994,0.243,0.15400000000000003,0.1885,916
0.31200000000000006,0.239,0.16133333333333333,0.1845,917
0.31999999999999995,0.19699999999999995,0.136,0.1825,918
0.278,0.258,0.16133333333333333,0.18999999999999995,919
0.32199999999999995,0.239,0.18799999999999994,0.16549999999999998,920
0.31599999999999995,0.21099999999999997,0.15066666666666662,0.1925,921
0.32599999999999996,0.245,0.16800000000000004,0.19199999999999995,922
0.28800000000000003,0.21499999999999997,0.17133333333333334,0.17900000000000005,923
0.30800000000000005,0.22899999999999998,0.15866666666666662,0.19299999999999995,924
0.31200000000000006,0.20999999999999996,0.16733333333333333,0.19299999999999995,925
0.30200000000000005,0.22799999999999998,0.17866666666666664,0.16549999999999998,926
0.31599999999999995,0.21099999999999997,0.15133333333333332,0.1965,927
0.30800000000000005,0.24,0.16866666666666663,0.1835,928
0.28,0.244,0.17400000000000004,0.1885,929
0.272,0.237,0.15600000000000003,0.18200000000000005,930
0.30000000000000004,0.20199999999999996,0.15600000000000003,0.1995,931
0.32599999999999996,0.22899999999999998,0.16200000000000003,0.16049999999999998,932
0.31799999999999995,0.239,0.16400000000000003,0.1985,933
0.31399999999999995,0.22799999999999998,0.16400000000000003,0.1825,934
0.32199999999999995,0.20999999999999996,0.16800000000000004,0.1835,935
0.30800000000000005,0.22399999999999998,0.14800000000000002,0.1835,936
0.33799999999999997,0.22999999999999998,0.15133333333333332,0.18100000000000005,937
0.30200000000000005,0.235,0.16466666666666663,0.1815,938
0.358,0.22499999999999998,0.15133333333333332,0.1965,939
0.31599999999999995,0.21399999999999997,0.17000000000000004,0.1945,940
0.32399999999999995,0.21299999999999997,0.16466666666666663,0.21650000000000003,941
0.30200000000000005,0.269,0.16733333333333333,0.1865,942
0.30400000000000005,0.21199999999999997,0.16266666666666663,0.19299999999999995,943
0.28400000000000003,0.246,0.16133333333333333,0.1915,944
0.31999999999999995,0.22699999999999998,0.16000000000000003,0.1965,945
0.29000000000000004,0.24,0.1413333333333333,0.19799999999999995,946
0.28800000000000003,0.23299999999999998,0.17533333333333334,0.1845,947
0.354,0.23199999999999998,0.16866666666666663,0.18899999999999995,948
0.30200000000000005,0.257,0.14733333333333332,0.18500000000000005,949
0.30400000000000005,0.247,0.14400000000000002,0.20850000000000002,950
0.29800000000000004,0.236,0.1486666666666666,0.20950000000000002,951
0.31200000000000006,0.21099999999999997,0.13866666666666672,0.1805,952
0.31399999999999995,0.21799999999999997,0.14800000000000002,0.20099999999999996,953
0.33599999999999997,0.245,0.14933333333333332,0.1845,954
0.33799999999999997,0.25,0.16333333333333333,0.1995,955
0.35,0.241,0.18200000000000005,0.21350000000000002,956
0.28600000000000003,0.235,0.16600000000000004,0.19999999999999996,957
0.28800000000000003,0.21199999999999997,0.15266666666666662,0.1925,958
0.32799999999999996,0.239,0.19199999999999995,0.1735,959
0.29800000000000004,0.243,0.17066666666666663,0.17700000000000005,960
0.31599999999999995,0.24,0.15333333333333332,0.18300000000000005,961
0.31200000000000006,0.22399999999999998,0.16733333333333333,0.20550000000000002,962
0.32399999999999995,0.268,0.14400000000000002,0.1955,963
0.28600000000000003,0.19999999999999996,0.1466666666666666,0.1835,964
0.29200000000000004,0.22199999999999998,0.15000000000000002,0.16700000000000004,965
0.31399999999999995,0.22399999999999998,0.14600000000000002,0.1735,966
0.30600000000000005,0.245,0.15666666666666662,0.2005,967
0.28200000000000003,0.235,0.16666666666666663,0.18899999999999995,968
0.29000000000000004,0.20199999999999996,0.1466666666666666,0.19299999999999995,969
0.30600000000000005,0.21099999999999997,0.16400000000000003,0.1915,970
0.34199999999999997,0.22599999999999998,0.16800000000000004,0.1875,971
0.32399999999999995,0.21299999999999997,0.1466666666666666,0.21599999999999997,972
0.33799999999999997,0.21299999999999997,0.18533333333333335,0.18600000000000005,973
0.344,0.248,0.15800000000000003,0.1875,974
0.31999999999999995,0.22199999999999998,0.16266666666666663,0.18500000000000005,975
0.30600000000000005,0.236,0.15400000000000003,0.18400000000000005,976
0.30800000000000005,0.23199999999999998,0.15000000000000002,0.1815,977
0.31799999999999995,0.22499999999999998,0.18533333333333324,0.20299999999999996,978
0.276,0.251,0.17133333333333334,0.17149999999999999,979
0.31399999999999995,0.23299999999999998,0.15466666666666662,0.19099999999999995,980
0.33799999999999997,0.21799999999999997,0.15466666666666662,0.1815,981
0.28600000000000003,0.247,0.16333333333333333,0.1785,982
0.32599999999999996,0.253,0.16866666666666663,0.18400000000000005,983
0.30800000000000005,0.22699999999999998,0.17333333333333334,0.20399999999999996,984
0.30000000000000004,0.237,0.17466666666666664,0.19799999999999995,985
0.33599999999999997,0.22599999999999998,0.17600000000000005,0.19399999999999995,986
0.32199999999999995,0.22999999999999998,0.16133333333333333,0.21050000000000002,987
0.30400000000000005,0.237,0.136,0.1775,988
0.30000000000000004,0.23399999999999999,0.15133333333333332,0.20550000000000002,989
0.29800000000000004,0.22299999999999998,0.15933333333333333,0.17300000000000004,990
0.32799999999999996,0.242,0.16666666666666663,0.16100000000000003,991
0.30800000000000005,0.235,0.16000000000000003,0.18100000000000005,992
0.31799999999999995,0.23099999999999998,0.16666666666666663,0.19299999999999995,993
0.32799999999999996,0.246,0.1433333333333333,0.1805,994
0.31000000000000005,0.256,0.16666666666666663,0.1945,995
0.30200000000000005,0.238,0.15266666666666662,0.18600000000000005,996
0.31200000000000006,0.235,0.15333333333333332,0.18700000000000006,997
0.33599999999999997,0.246,0.17266666666666663,0.1885,998
0.30000000000000004,0.20699999999999996,0.16466666666666663,0.2015,999
