m,bound
50,0.329797279
150,0.213810133
250,0.173103414
300,0.160357993
400,0.141983111
500,0.129091607
550,0.12392443
600,0.119376456
650,0.115331171
700,0.111700823
750,0.108417863
800,0.105429304
850,0.102692906
900,0.100174515
950,0.097846168
1000,0.095684715
1050,0.0936708
1100,0.091788093
1150,0.090022705
1200,0.088362738
1250,0.086797929
1300,0.085319373
1350,0.083919297
1400,0.082590881
1450,0.081328116
1500,0.080125677
1550,0.078978831
1600,0.077883353
1650,0.076835458
1700,0.075831741
1750,0.074869134
1800,0.073944858
1850,0.073056396
1900,0.072201454
1950,0.071377944
2000,0.070583954
2100,0.069077674
2150,0.068362298
2200,0.067670239
2250,0.067000239
2300,0.066351131
2350,0.065721835
2400,0.065111346
2450,0.064518731
2500,0.063943121
2550,0.063383705
2600,0.062839726
2650,0.062310476
2700,0.061795291
2750,0.061293549
2800,0.060804666
2850,0.060328095
2900,0.059863318
3000,0.05896723
3050,0.058535029
3100,0.058112836
3150,0.057700265
3200,0.057296952
3250,0.056902548
3300,0.056516726
3350,0.056139174
3400,0.055769597
3450,0.055407713
3500,0.055053255
3550,0.054705968
3600,0.05436561
3650,0.054031951
3700,0.053704769
3750,0.053383855
3800,0.053069009
3850,0.052760038
3900,0.052456759
3950,0.052158997
4000,0.051866584
4050,0.05157936
4100,0.05129717
4150,0.051019867
4200,0.050747309
4250,0.05047936
4300,0.050215891
4350,0.049956775
4400,0.049701892
4450,0.049451127
4500,0.049204368
4550,0.048961508
4600,0.048722444
4650,0.048487076
4700,0.04825531
4750,0.048027051
4800,0.047802213
4850,0.047580708
4900,0.047362454
4950,0.047147372
5000,0.046935383
5050,0.046726413
5100,0.04652039
5150,0.046317246
5200,0.046116911
5250,0.045919321
5300,0.045724414
5350,0.045532127
5400,0.045342402
5450,0.045155182
5550,0.044788035
5600,0.044608003
5650,0.044430264
5700,0.044254769
5750,0.04408147
5800,0.043910321
5850,0.043741278
5900,0.043574297
5950,0.043409336
6000,0.043246354
6050,0.043085311
6100,0.042926169
6150,0.042768889
6200,0.042613435
6250,0.042459772
6300,0.042307864
6350,0.04215768
6400,0.042009184
6500,0.041717135
6550,0.04157352
6600,0.041431472
6650,0.041290962
6700,0.041151962
6750,0.041014445
6800,0.040878385
6850,0.040743755
6900,0.04061053
6950,0.040478686
7000,0.040348198
7050,0.040219044
7100,0.0400912
7150,0.039964643
7200,0.039839353
7250,0.039715308
7300,0.039592487
7350,0.039470869
7400,0.039350436
7450,0.039231167
7500,0.039113044
7550,0.038996048
7600,0.038880162
7650,0.038765367
7700,0.038651646
7750,0.038538982
7850,0.038316761
7900,0.038207172
7950,0.038098576
8050,0.037884304
8100,0.037778599
8150,0.037673828
8200,0.037569978
8300,0.037364988
8350,0.03726382
8400,0.037163521
8450,0.037064077
8500,0.036965476
8550,0.036867707
8600,0.036770758
8650,0.036674616
8700,0.036579271
8750,0.036484712
8800,0.036390927
8850,0.036297906
8950,0.036114115
9050,0.035933257
9100,0.035843904
9150,0.035755254
9250,0.035580031
9300,0.035493439
9400,0.035322249
9450,0.035237635
9500,0.035153662
9550,0.035070324
9600,0.034987612
9650,0.034905519
9700,0.034824035
9750,0.034743155
9800,0.03466287
9850,0.034583172
9900,0.034504056
9950,0.034425513
10050,0.034270119
10100,0.034193255
10150,0.034116938
10200,0.03404116
10250,0.033965915
10300,0.033891198
10350,0.033817001
10400,0.033743319
10450,0.033670146
10500,0.033597476
10550,0.033525302
10650,0.033382424
10700,0.033311707
10750,0.033241465
10800,0.033171693
10850,0.033102385
10900,0.033033535
10950,0.032965139
11000,0.032897192
11100,0.032762624
11200,0.032629793
11250,0.032564016
11300,0.03249866
11350,0.032433719
11400,0.03236919
11450,0.032305067
11500,0.032241346
11550,0.032178024
11600,0.032115096
11650,0.032052558
11700,0.031990406
11750,0.031928635
11800,0.031867242
11850,0.031806224
11900,0.031745575
11950,0.031685293
12000,0.031625373
12050,0.031565813
12100,0.031506608
12150,0.031447754
12200,0.031389249
12300,0.03127327
12350,0.031215789
12400,0.031158642
12450,0.031101828
12500,0.031045341
12600,0.030933339
12650,0.030877818
12700,0.030822613
12750,0.03076772
12800,0.030713137
12850,0.030658861
12900,0.030604888
12950,0.030551216
13000,0.030497843
13050,0.030444765
13100,0.030391979
13150,0.030339484
13200,0.030287275
13250,0.030235352
13300,0.03018371
13350,0.030132347
13400,0.030081262
13450,0.03003045
13500,0.029979911
13550,0.029929641
13600,0.029879638
13700,0.029780423
13750,0.029731206
13800,0.029682248
13850,0.029633544
13900,0.029585094
13950,0.029536894
14000,0.029488944
14050,0.02944124
14100,0.02939378
14150,0.029346562
14200,0.029299585
14300,0.029206343
14350,0.029160074
14500,0.029022652
14550,0.0289773
14600,0.028932173
14650,0.028887268
14700,0.028842583
14750,0.028798118
14800,0.028753869
14850,0.028709836
14900,0.028666017
14950,0.028622409
15000,0.028579011
15050,0.028535822
15100,0.028492839
15150,0.028450062
15200,0.028407488
15250,0.028365115
15300,0.028322943
15350,0.028280969
15400,0.028239192
15450,0.02819761
15500,0.028156223
15550,0.028115028
15600,0.028074023
15650,0.028033208
15700,0.027992581
15750,0.02795214
15800,0.027911884
15850,0.027871812
15900,0.027831922
15950,0.027792213
16000,0.027752683
16050,0.027713331
16100,0.027674156
16150,0.027635156
16200,0.02759633
16250,0.027557677
16300,0.027519195
16350,0.027480883
16400,0.02744274
16450,0.027404765
16500,0.027366956
16550,0.027329313
16650,0.027254516
16700,0.02721736
16750,0.027180365
16800,0.027143529
16850,0.027106851
16900,0.02707033
16950,0.027033965
17000,0.026997754
17050,0.026961697
17150,0.026890039
17200,0.026854436
17250,0.026818982
17300,0.026783677
17350,0.026748518
17400,0.026713506
17450,0.026678639
17500,0.026643915
17550,0.026609335
17600,0.026574897
17650,0.0265406
17700,0.026506443
17750,0.026472425
17800,0.026438546
17850,0.026404803
17900,0.026371197
17950,0.026337726
18000,0.02630439
18050,0.026271188
18100,0.026238117
18150,0.026205179
18200,0.026172372
18250,0.026139694
18300,0.026107146
18350,0.026074726
18400,0.026042434
18450,0.026010268
18500,0.025978227
18550,0.025946312
18600,0.025914521
18700,0.025851307
18750,0.025819883
18800,0.025788581
18850,0.025757398
18950,0.025695389
19000,0.025664562
19050,0.025633852
19100,0.025603258
19150,0.02557278
19200,0.025542417
19250,0.025512167
19300,0.025482031
19350,0.025452008
19450,0.025392296
19500,0.025362607
19600,0.025303557
19650,0.025274194
19700,0.02524494
19750,0.025215793
19850,0.025157818
19900,0.025128988
19950,0.025100263
20000,0.025071642
20050,0.025043124
20100,0.025014709
20150,0.024986395
20200,0.024958184
20250,0.024930072
20350,0.02487415
20450,0.024818624
20500,0.024791008
20550,0.024763489
20600,0.024736067
20650,0.024708741
20700,0.02468151
20750,0.024654374
20800,0.024627333
20900,0.024573532
20950,0.02454677
21000,0.024520101
21050,0.024493523
21100,0.024467037
21150,0.024440641
21200,0.024414335
21250,0.024388119
21300,0.024361992
21350,0.024335954
21400,0.024310003
21450,0.02428414
21500,0.024258365
21600,0.024207072
21650,0.024181554
21700,0.024156122
21750,0.024130774
21800,0.02410551
21850,0.02408033
21900,0.024055233
21950,0.024030219
22000,0.024005287
22050,0.023980437
22100,0.023955668
22150,0.02393098
22200,0.023906373
22250,0.023881846
22300,0.023857398
22350,0.02383303
22400,0.02380874
22450,0.023784528
22500,0.023760395
22550,0.023736339
22600,0.02371236
22650,0.023688457
22700,0.023664631
22750,0.023640881
22850,0.023593606
22900,0.02357008
22950,0.023546629
23000,0.023523252
23050,0.023499947
23100,0.023476716
23150,0.023453558
23200,0.023430472
23250,0.023407458
23300,0.023384515
23350,0.023361643
23400,0.023338843
23450,0.023316112
23550,0.023270861
23600,0.023248339
23650,0.023225887
23700,0.023203503
23750,0.023181187
23850,0.023136759
23900,0.023114645
23950,0.023092599
24000,0.023070619
24050,0.023048706
24100,0.023026858
24150,0.023005075
24200,0.022983358
24250,0.022961706
24300,0.022940118
24400,0.022897134
24450,0.022875738
24500,0.022854405
24550,0.022833135
24600,0.022811928
24650,0.022790782
24700,0.022769699
24750,0.022748678
24800,0.022727717
24850,0.022706818
24900,0.02268598
24950,0.022665202
25000,0.022644484
25050,0.022623826
25100,0.022603228
25150,0.022582689
25200,0.022562209
25250,0.022541788
25300,0.022521425
25350,0.022501121
25400,0.022480874
25500,0.022440553
25550,0.022420479
25600,0.022400461
25700,0.022360594
25750,0.022340745
25800,0.022320952
25850,0.022301213
25900,0.022281531
25950,0.022261903
26000,0.022242329
26050,0.022222811
26150,0.022183935
26200,0.022164578
26250,0.022145274
26350,0.022106826
26400,0.022087681
26450,0.022068589
26500,0.022049548
26550,0.02203056
26600,0.022011623
26650,0.021992738
26700,0.021973904
26800,0.021936388
26850,0.021917707
26900,0.021899075
26950,0.021880494
27000,0.021861962
27050,0.02184348
27100,0.021825048
27150,0.021806664
27200,0.02178833
27250,0.021770044
27300,0.021751807
27350,0.021733618
27400,0.021715477
27450,0.021697384
27500,0.021679339
27550,0.021661341
27600,0.02164339
27650,0.021625487
27700,0.02160763
27750,0.02158982
27800,0.021572056
27850,0.021554339
27900,0.021536667
27950,0.021519041
28000,0.021501461
28050,0.021483926
28100,0.021466437
28150,0.021448992
28200,0.021431593
28350,0.02137966
28400,0.021362438
28450,0.021345259
28500,0.021328124
28550,0.021311033
28600,0.021293985
28650,0.02127698
28700,0.021260018
28750,0.021243098
28850,0.021209387
28950,0.021175845
29000,0.021159136
29050,0.02114247
29100,0.021125844
29150,0.021109261
29200,0.021092718
29250,0.021076216
29300,0.021059755
29350,0.021043335
29400,0.021026955
29450,0.021010615
29500,0.020994316
29550,0.020978057
29600,0.020961837
29650,0.020945657
29700,0.020929516
29750,0.020913415
29800,0.020897353
29850,0.02088133
29900,0.020865345
29950,0.0208494
30000,0.020833493
30050,0.020817624
30100,0.020801793
30150,0.020786001
30200,0.020770246
30300,0.02073885
30350,0.020723208
30400,0.020707604
30450,0.020692036
30500,0.020676506
30550,0.020661012
30600,0.020645555
30700,0.020614751
30750,0.020599403
30800,0.020584091
30850,0.020568816
30900,0.020553576
30950,0.020538372
31000,0.020523203
31050,0.02050807
31100,0.020492972
31150,0.020477909
31200,0.020462881
31250,0.020447888
31300,0.02043293
31350,0.020418006
31400,0.020403117
31450,0.020388262
31500,0.020373441
31550,0.020358654
31600,0.020343902
31650,0.020329182
31700,0.020314497
31750,0.020299845
31800,0.020285227
31850,0.020270641
31900,0.020256089
31950,0.02024157
32000,0.020227084
32150,0.020183822
32200,0.020169466
32250,0.020155142
32350,0.020126591
32400,0.020112363
32450,0.020098167
32500,0.020084003
32600,0.020055769
32650,0.0200417
32700,0.020027661
32800,0.019999676
32850,0.019985731
32900,0.019971815
32950,0.019957931
33000,0.019944077
33050,0.019930253
33100,0.01991646
33150,0.019902697
33200,0.019888963
33250,0.01987526
33300,0.019861587
33350,0.019847943
33400,0.019834329
33450,0.019820744
33500,0.019807189
33550,0.019793663
33600,0.019780167
33650,0.019766699
33700,0.01975326
33800,0.019726469
33850,0.019713117
33900,0.019699793
33950,0.019686498
34000,0.019673231
34050,0.019659992
34100,0.019646781
34200,0.019620444
34300,0.019594218
34350,0.019581147
34400,0.019568103
34450,0.019555086
34500,0.019542097
34550,0.019529135
34600,0.019516201
34700,0.019490412
34750,0.019477559
34800,0.019464732
34850,0.019451931
34950,0.01942641
35000,0.019413689
35050,0.019400995
35100,0.019388327
35150,0.019375684
35200,0.019363068
35250,0.019350478
35300,0.019337914
35350,0.019325375
35400,0.019312862
35450,0.019300375
35500,0.019287913
35600,0.019263066
35650,0.01925068
35700,0.019238319
35750,0.019225984
35800,0.019213673
35850,0.019201387
35900,0.019189126
35950,0.01917689
36000,0.019164679
36050,0.019152492
36100,0.019140329
36150,0.019128191
36200,0.019116077
36250,0.019103988
36300,0.019091922
36400,0.019067864
36450,0.01905587
36500,0.019043901
36550,0.019031955
36600,0.019020033
36650,0.019008134
36700,0.018996259
36750,0.018984407
36800,0.018972579
36850,0.018960774
36900,0.018948992
36950,0.018937233
37000,0.018925497
37050,0.018913785
37100,0.018902095
37150,0.018890428
37200,0.018878784
37250,0.018867162
37300,0.018855563
37350,0.018843987
37400,0.018832432
37500,0.018809391
37550,0.018797904
37600,0.018786439
37650,0.018774996
37750,0.018752176
37800,0.018740799
37900,0.018718111
37950,0.018706799
38000,0.018695508
38050,0.018684239
38100,0.018672992
38150,0.018661766
38200,0.018650561
38250,0.018639378
38300,0.018628216
38350,0.018617075
38400,0.018605955
38450,0.018594855
38500,0.018583777
38550,0.01857272
38600,0.018561683
38700,0.018539672
38800,0.018517743
38850,0.01850681
38900,0.018495896
38950,0.018485003
39000,0.018474131
39050,0.018463278
39100,0.018452446
39150,0.018441633
39200,0.018430841
39250,0.018420069
39300,0.018409316
39350,0.018398583
39400,0.01838787
39450,0.018377177
39500,0.018366503
39550,0.018355849
39600,0.018345215
39650,0.0183346
39700,0.018324004
39800,0.018302871
39850,0.018292333
39900,0.018281814
39950,0.018271315
40000,0.018260834
40050,0.018250372
40100,0.01823993
40150,0.018229506
40200,0.018219101
40250,0.018208715
40300,0.018198347
40350,0.018187998
40450,0.018167356
40500,0.018157063
40550,0.018146788
40600,0.018136531
40650,0.018126293
40700,0.018116073
40750,0.018105871
40800,0.018095688
40850,0.018085522
40900,0.018075374
40950,0.018065245
41000,0.018055133
41050,0.018045039
41100,0.018034963
41150,0.018024905
41200,0.018014865
41250,0.018004842
41300,0.017994836
41350,0.017984849
41400,0.017974878
41450,0.017964926
41550,0.017945072
41600,0.017935172
41650,0.017925288
41700,0.017915422
41750,0.017905573
41800,0.017895741
41850,0.017885926
41900,0.017876128
41950,0.017866347
42000,0.017856582
42050,0.017846835
42100,0.017837105
42150,0.017827391
42200,0.017817694
42250,0.017808013
42300,0.017798349
42350,0.017788702
42400,0.017779071
42450,0.017769457
42550,0.017750278
42600,0.017740712
42650,0.017731164
42700,0.017721631
42750,0.017712114
42800,0.017702614
42850,0.01769313
42900,0.017683661
42950,0.017674209
43000,0.017664773
43050,0.017655352
43100,0.017645948
43150,0.017636559
43200,0.017627186
43250,0.017617829
43300,0.017608487
43350,0.017599161
43400,0.017589851
43450,0.017580556
43500,0.017571276
43550,0.017562013
43600,0.017552764
43650,0.017543531
43700,0.017534313
43750,0.017525111
43800,0.017515924
43850,0.017506752
43950,0.017488453
44000,0.017479326
44050,0.017470215
44100,0.017461118
44150,0.017452036
44200,0.01744297
44250,0.017433918
44300,0.017424881
44400,0.017406851
44450,0.017397858
44500,0.01738888
44550,0.017379916
44600,0.017370967
44650,0.017362033
44700,0.017353113
44750,0.017344207
44800,0.017335316
44850,0.01732644
44900,0.017317577
44950,0.017308729
45000,0.017299896
45050,0.017291076
45100,0.017282271
45150,0.017273479
45200,0.017264702
45250,0.017255939
45300,0.01724719
45350,0.017238456
45400,0.017229735
45450,0.017221027
45500,0.017212334
45550,0.017203655
45600,0.017194989
45650,0.017186338
45700,0.0171777
45750,0.017169075
45800,0.017160465
45850,0.017151868
45900,0.017143284
45950,0.017134714
46000,0.017126158
46050,0.017117615
46100,0.017109086
46150,0.01710057
46200,0.017092067
46250,0.017083578
46300,0.017075102
46350,0.017066639
46400,0.01705819
46450,0.017049754
46500,0.01704133
46550,0.01703292
46600,0.017024524
46650,0.01701614
46700,0.017007769
46750,0.016999411
46800,0.016991066
46850,0.016982734
46900,0.016974415
46950,0.016966109
47000,0.016957816
47050,0.016949535
47100,0.016941268
47150,0.016933013
47200,0.01692477
47250,0.016916541
47300,0.016908323
47350,0.016900119
47450,0.016883748
47500,0.016875581
47550,0.016867426
47600,0.016859284
47650,0.016851155
47700,0.016843038
47750,0.016834933
47800,0.01682684
47850,0.01681876
47900,0.016810692
47950,0.016802636
48000,0.016794592
48050,0.016786561
48100,0.016778541
48150,0.016770534
48200,0.016762539
48250,0.016754556
48300,0.016746585
48400,0.016730678
48500,0.016714819
48550,0.016706907
48600,0.016699007
48650,0.016691119
48750,0.016675378
48850,0.016659684
48900,0.016651855
48950,0.016644037
49000,0.01663623
49050,0.016628435
49100,0.016620652
49150,0.01661288
49200,0.01660512
49300,0.016589633
49350,0.016581907
49450,0.016566489
49500,0.016558797
49550,0.016551116
49600,0.016543446
49650,0.016535788
49750,0.016520504
49800,0.016512879
49850,0.016505266
49900,0.016497663
49950,0.016490071
50000,0.01648249
50050,0.016474921
50100,0.016467362
50150,0.016459814
50200,0.016452277
50250,0.016444751
50300,0.016437236
50350,0.016429732
50450,0.016414755
50500,0.016407283
50600,0.016392372
50650,0.016384932
50700,0.016377502
50750,0.016370084
50800,0.016362676
50850,0.016355278
50900,0.016347892
50950,0.016340515
51000,0.016333149
51050,0.016325794
51100,0.016318449
51150,0.016311115
51200,0.016303791
51300,0.016289173
51350,0.01628188
51400,0.016274598
51500,0.016260063
51550,0.016252811
51600,0.016245569
51650,0.016238338
51700,0.016231116
51750,0.016223905
51800,0.016216704
51850,0.016209513
51900,0.016202331
51950,0.01619516
52000,0.016187999
52050,0.016180848
52100,0.016173707
52150,0.016166576
52200,0.016159455
52250,0.016152344
52350,0.016138151
52400,0.016131069
52450,0.016123997
52500,0.016116935
52550,0.016109882
52600,0.01610284
52650,0.016095807
52700,0.016088783
52750,0.01608177
52800,0.016074766
52850,0.016067771
52900,0.016060787
52950,0.016053811
53000,0.016046846
53050,0.01603989
53100,0.016032943
53150,0.016026006
53200,0.016019078
53250,0.01601216
53300,0.016005251
53350,0.015998352
53400,0.015991462
53450,0.015984582
53500,0.01597771
53550,0.015970848
53600,0.015963996
53650,0.015957152
53700,0.015950318
53750,0.015943493
53800,0.015936677
53850,0.015929871
53900,0.015923074
53950,0.015916285
54000,0.015909506
54050,0.015902736
54100,0.015895976
54150,0.015889224
54200,0.015882481
54250,0.015875747
54300,0.015869023
54350,0.015862307
54400,0.0158556
54450,0.015848902
54500,0.015842213
54550,0.015835533
54600,0.015828862
54650,0.0158222
54700,0.015815546
54750,0.015808902
54800,0.015802266
54850,0.015795639
54900,0.015789021
54950,0.015782411
55050,0.015769218
55100,0.015762635
55150,0.01575606
55200,0.015749494
55300,0.015736388
55350,0.015729848
55450,0.015716793
55500,0.015710279
55550,0.015703772
55600,0.015697275
55650,0.015690786
55700,0.015684305
55750,0.015677833
55800,0.015671369
55850,0.015664914
55950,0.015652028
56000,0.015645598
56050,0.015639176
56100,0.015632763
56150,0.015626357
56200,0.01561996
56250,0.015613572
56300,0.015607191
56350,0.015600819
56400,0.015594455
56450,0.015588099
56500,0.015581751
56550,0.015575411
56600,0.01556908
56650,0.015562757
56750,0.015550134
56800,0.015543835
56850,0.015537544
56900,0.015531261
56950,0.015524986
57000,0.015518719
57050,0.01551246
57100,0.015506209
57150,0.015499966
57200,0.015493731
57250,0.015487503
57300,0.015481284
57350,0.015475072
57400,0.015468869
57450,0.015462673
57500,0.015456485
57600,0.015444132
57650,0.015437968
57700,0.015431811
57750,0.015425662
57800,0.01541952
57850,0.015413386
57900,0.01540726
57950,0.015401142
58000,0.015395032
58050,0.015388928
58100,0.015382833
58150,0.015376745
58200,0.015370665
58250,0.015364593
58300,0.015358528
58350,0.01535247
58400,0.01534642
58450,0.015340378
58500,0.015334343
58550,0.015328315
58600,0.015322295
58650,0.015316283
58700,0.015310278
58750,0.01530428
58800,0.01529829
58850,0.015292307
58950,0.015280363
59000,0.015274403
59100,0.015262503
59150,0.015256564
59200,0.015250633
59250,0.015244709
59300,0.015238792
59350,0.015232882
59400,0.015226979
59500,0.015215196
59550,0.015209315
59600,0.015203441
59650,0.015197574
59700,0.015191715
59750,0.015185863
59800,0.015180017
59900,0.015168348
60000,0.015156707
60050,0.015150897
60150,0.015139298
60200,0.01513351
60250,0.015127728
60300,0.015121953
60350,0.015116185
60400,0.015110424
60500,0.015098922
60550,0.015093182
60600,0.015087448
60700,0.015076002
60800,0.015064583
60850,0.015058884
60900,0.015053191
60950,0.015047505
61000,0.015041827
61050,0.015036154
61100,0.015030489
61150,0.01502483
61200,0.015019178
61300,0.015007894
61350,0.015002263
61400,0.014996637
61450,0.014991019
61500,0.014985407
61550,0.014979801
61600,0.014974203
61650,0.014968611
61700,0.014963025
61750,0.014957446
61800,0.014951874
62050,0.014924109
62100,0.014918576
62150,0.014913049
62200,0.014907529
62250,0.014902015
62300,0.014896507
62350,0.014891006
62400,0.014885511
62450,0.014880023
62500,0.014874541
62550,0.014869066
62600,0.014863596
62650,0.014858133
62700,0.014852677
62800,0.014841783
62900,0.014830914
62950,0.014825489
63000,0.01482007
63050,0.014814657
63100,0.014809251
63150,0.014803851
63200,0.014798457
63250,0.014793069
63300,0.014787687
63350,0.014782312
63400,0.014776943
63450,0.01477158
63550,0.014760872
63600,0.014755527
63650,0.014750188
63700,0.014744856
63750,0.01473953
63800,0.014734209
63850,0.014728895
63900,0.014723587
63950,0.014718284
64000,0.014712988
64050,0.014707698
64100,0.014702414
64150,0.014697135
64200,0.014691863
64250,0.014686597
64300,0.014681336
64350,0.014676082
64400,0.014670833
64450,0.014665591
64500,0.014660354
64550,0.014655123
64600,0.014649898
64650,0.014644679
64700,0.014639466
64750,0.014634259
64800,0.014629057
64850,0.014623862
64900,0.014618672
64950,0.014613488
65000,0.01460831
65050,0.014603137
65100,0.014597971
65150,0.01459281
65200,0.014587654
65250,0.014582505
65350,0.014572223
65400,0.014567091
65450,0.014561965
65500,0.014556844
65550,0.014551728
65600,0.014546619
65650,0.014541515
65700,0.014536417
65800,0.014526237
65850,0.014521156
65900,0.01451608
65950,0.01451101
66000,0.014505945
66050,0.014500886
66100,0.014495833
66150,0.014490785
66200,0.014485742
66250,0.014480706
66300,0.014475674
66350,0.014470648
66400,0.014465628
66450,0.014460613
66500,0.014455604
66600,0.014445602
66650,0.014440609
66700,0.014435621
66750,0.014430639
66800,0.014425662
66850,0.014420691
66900,0.014415725
66950,0.014410765
67000,0.01440581
67050,0.01440086
67100,0.014395915
67150,0.014390976
67200,0.014386043
67300,0.014376191
67400,0.014366361
67450,0.014361454
67500,0.014356552
67550,0.014351656
67600,0.014346764
67700,0.014336997
67750,0.014332122
67800,0.014327252
67850,0.014322386
67900,0.014317526
67950,0.014312672
68000,0.014307822
68050,0.014302978
68100,0.014298139
68150,0.014293305
68200,0.014288476
68250,0.014283652
68300,0.014278833
68400,0.014269211
68450,0.014264408
68500,0.01425961
68550,0.014254817
68600,0.014250029
68650,0.014245246
68700,0.014240468
68750,0.014235695
68800,0.014230927
68850,0.014226165
68900,0.014221407
68950,0.014216654
69000,0.014211907
69050,0.014207164
69100,0.014202426
69150,0.014197693
69200,0.014192966
69250,0.014188243
69300,0.014183525
69350,0.014178812
69400,0.014174104
69450,0.014169401
69500,0.014164703
69550,0.014160009
69600,0.014155321
69650,0.014150638
69700,0.014145959
69750,0.014141285
69800,0.014136617
69850,0.014131953
69950,0.014122639
70000,0.01411799
70050,0.014113345
70150,0.01410407
70200,0.01409944
70250,0.014094815
70300,0.014090194
70350,0.014085578
70450,0.014076361
70500,0.014071759
70550,0.014067162
70600,0.01406257
70650,0.014057983
70700,0.0140534
70750,0.014048822
70800,0.014044249
70900,0.014035116
70950,0.014030557
71000,0.014026003
71050,0.014021453
71100,0.014016907
71150,0.014012367
71250,0.0140033
71300,0.013998773
71400,0.013989733
71450,0.01398522
71500,0.013980712
71550,0.013976208
71600,0.013971709
71650,0.013967214
71700,0.013962724
71750,0.013958239
71800,0.013953758
71850,0.013949281
71900,0.01394481
71950,0.013940342
72000,0.013935879
72050,0.013931421
72100,0.013926967
72150,0.013922518
72200,0.013918073
72250,0.013913632
72300,0.013909196
72350,0.013904765
72400,0.013900338
72500,0.013891497
72550,0.013887083
72600,0.013882674
72650,0.013878269
72700,0.013873868
72800,0.01386508
72900,0.01385631
72950,0.013851931
73000,0.013847557
73050,0.013843187
73100,0.013838821
73150,0.01383446
73200,0.013830103
73250,0.013825751
73300,0.013821402
73350,0.013817058
73400,0.013812719
73450,0.013808383
73550,0.013799725
73600,0.013795403
73650,0.013791085
73700,0.013786771
73750,0.013782461
73800,0.013778155
73850,0.013773854
73900,0.013769557
73950,0.013765264
74000,0.013760976
74050,0.013756691
74100,0.013752411
74150,0.013748135
74200,0.013743863
74250,0.013739596
74300,0.013735332
74400,0.013726818
74450,0.013722567
74500,0.01371832
74550,0.013714077
74600,0.013709839
74650,0.013705604
74700,0.013701374
74750,0.013697148
74800,0.013692926
74850,0.013688708
74900,0.013684494
74950,0.013680284
75000,0.013676078
75050,0.013671877
75200,0.013659296
75250,0.013655111
75300,0.013650929
75350,0.013646752
75400,0.013642579
75450,0.013638409
75500,0.013634244
75550,0.013630083
75600,0.013625926
75650,0.013621772
75700,0.013617623
75750,0.013613478
75800,0.013609336
75850,0.013605199
75900,0.013601066
75950,0.013596936
76000,0.013592811
76050,0.013588689
76100,0.013584571
76150,0.013580458
76200,0.013576348
76300,0.01356814
76350,0.013564042
76400,0.013559948
76450,0.013555858
76500,0.013551771
76550,0.013547689
76600,0.01354361
76650,0.013539536
76700,0.013535465
76750,0.013531398
76800,0.013527335
76850,0.013523275
76900,0.01351922
77000,0.01351112
77050,0.013507076
77100,0.013503036
77150,0.013499
77250,0.013490938
77300,0.013486913
77350,0.013482892
77400,0.013478875
77450,0.013474861
77500,0.013470851
77550,0.013466845
77600,0.013462843
77650,0.013458844
77700,0.013454849
77750,0.013450858
77800,0.013446871
77850,0.013442887
77900,0.013438907
77950,0.013434931
78000,0.013430958
78100,0.013423024
78200,0.013415105
78250,0.013411151
78300,0.0134072
78350,0.013403253
78400,0.01339931
78450,0.013395371
78500,0.013391435
78550,0.013387503
78600,0.013383574
78650,0.013379649
78700,0.013375728
78750,0.01337181
78800,0.013367896
78850,0.013363986
78900,0.013360079
78950,0.013356175
79000,0.013352276
79050,0.01334838
79100,0.013344487
79150,0.013340598
79200,0.013336713
79250,0.013332831
79300,0.013328953
79350,0.013325078
79400,0.013321207
79450,0.01331734
79550,0.013309615
79600,0.013305758
79650,0.013301905
79700,0.013298055
79750,0.013294208
79800,0.013290365
79850,0.013286526
79900,0.01328269
79950,0.013278857
80000,0.013275028
80050,0.013271203
80100,0.013267381
80150,0.013263562
80200,0.013259747
80250,0.013255936
80300,0.013252127
80350,0.013248323
80400,0.013244521
80450,0.013240723
80550,0.013233138
80600,0.01322935
80650,0.013225566
80700,0.013221785
80750,0.013218008
80800,0.013214234
80900,0.013206696
81000,0.013199172
81050,0.013195415
81100,0.013191661
81150,0.013187911
81200,0.013184164
81300,0.01317668
81350,0.013172943
81400,0.01316921
81450,0.013165479
81500,0.013161753
81550,0.013158029
81600,0.013154309
81650,0.013150592
81700,0.013146878
81750,0.013143168
81800,0.013139461
81850,0.013135757
81900,0.013132056
81950,0.013128359
82000,0.013124665
82050,0.013120975
82100,0.013117287
82150,0.013113603
82200,0.013109922
82250,0.013106245
82300,0.01310257
82350,0.013098899
82400,0.013095231
82450,0.013091567
82500,0.013087905
82550,0.013084247
82650,0.01307694
82700,0.013073292
82750,0.013069647
82800,0.013066004
82850,0.013062366
82900,0.01305873
82950,0.013055097
83050,0.013047842
83100,0.013044219
83150,0.013040599
83200,0.013036982
83250,0.013033369
83300,0.013029758
83350,0.013026151
83400,0.013022547
83500,0.013015348
83550,0.013011754
83650,0.013004574
83750,0.012997406
83800,0.012993827
83850,0.012990251
83900,0.012986678
83950,0.012983108
84000,0.012979542
84050,0.012975978
84100,0.012972418
84150,0.01296886
84200,0.012965306
84250,0.012961754
84300,0.012958206
84350,0.012954661
84400,0.012951119
84450,0.01294758
84500,0.012944044
84550,0.012940511
84600,0.012936981
84650,0.012933454
84700,0.01292993
84750,0.012926409
84800,0.012922891
84850,0.012919376
84900,0.012915865
84950,0.012912356
85000,0.01290885
85050,0.012905347
85100,0.012901847
85150,0.01289835
85200,0.012894857
85250,0.012891366
85300,0.012887878
85350,0.012884393
85400,0.012880911
85450,0.012877432
85500,0.012873956
85550,0.012870483
85600,0.012867013
85650,0.012863545
85700,0.012860081
85750,0.01285662
85800,0.012853162
85900,0.012846254
85950,0.012842804
86000,0.012839357
86050,0.012835913
86100,0.012832473
86150,0.012829035
86200,0.0128256
86250,0.012822167
86300,0.012818738
86350,0.012815312
86400,0.012811888
86450,0.012808468
86500,0.01280505
86600,0.012798223
86650,0.012794814
86700,0.012791408
86750,0.012788004
86850,0.012781206
86900,0.012777811
86950,0.012774419
87000,0.01277103
87050,0.012767643
87100,0.01276426
87150,0.012760879
87200,0.012757501
87250,0.012754126
87300,0.012750754
87350,0.012747384
87400,0.012744018
87450,0.012740654
87500,0.012737293
87550,0.012733934
87600,0.012730579
87650,0.012727226
87700,0.012723876
87750,0.012720529
87800,0.012717185
87850,0.012713843
87900,0.012710504
87950,0.012707168
88000,0.012703835
88050,0.012700504
88100,0.012697177
88150,0.012693851
88200,0.012690529
88300,0.012683893
88350,0.012680579
88400,0.012677267
88450,0.012673958
88500,0.012670652
88600,0.012664049
88650,0.012660751
88700,0.012657456
88750,0.012654163
88800,0.012650874
88850,0.012647586
88900,0.012644302
88950,0.01264102
89000,0.012637741
89050,0.012634465
89100,0.012631192
89150,0.012627921
89200,0.012624652
89250,0.012621387
89300,0.012618124
89350,0.012614863
89400,0.012611606
89450,0.012608351
89500,0.012605098
89550,0.012601849
89600,0.012598602
89650,0.012595357
89700,0.012592115
89800,0.012585639
89850,0.012582405
89900,0.012579174
89950,0.012575945
90000,0.012572719
90100,0.012566275
90150,0.012563057
90200,0.012559841
90250,0.012556628
90300,0.012553417
90350,0.012550209
90450,0.012543801
90500,0.012540601
90550,0.012537403
90600,0.012534208
90700,0.012527826
90750,0.012524638
90800,0.012521453
90850,0.012518271
90950,0.012511914
91000,0.012508739
91050,0.012505567
91100,0.012502398
91150,0.012499231
91200,0.012496066
91250,0.012492904
91300,0.012489745
91350,0.012486588
91400,0.012483433
91450,0.012480281
91500,0.012477132
91550,0.012473985
91600,0.01247084
91650,0.012467698
91700,0.012464559
91750,0.012461422
91800,0.012458287
91850,0.012455155
91950,0.012448899
92000,0.012445774
92050,0.012442652
92100,0.012439532
92150,0.012436415
92250,0.012430188
92300,0.012427078
92350,0.012423971
92400,0.012420866
92450,0.012417763
92500,0.012414663
92550,0.012411566
92600,0.012408471
92650,0.012405378
92700,0.012402288
92750,0.0123992
92800,0.012396114
92850,0.012393031
92900,0.01238995
92950,0.012386872
93000,0.012383796
93050,0.012380723
93100,0.012377652
93150,0.012374583
93200,0.012371517
93250,0.012368453
93300,0.012365392
93350,0.012362333
93400,0.012359276
93500,0.01235317
93550,0.01235012
93650,0.012344028
93700,0.012340986
93750,0.012337946
93800,0.012334908
93850,0.012331873
93900,0.01232884
93950,0.012325809
94000,0.012322781
94050,0.012319755
94100,0.012316731
94150,0.01231371
94200,0.012310691
94250,0.012307674
94300,0.01230466
94350,0.012301648
94400,0.012298638
94450,0.012295631
94500,0.012292626
94550,0.012289623
94600,0.012286622
94700,0.012280628
94800,0.012274644
94850,0.012271655
94950,0.012265684
95000,0.012262702
95050,0.012259722
95100,0.012256744
95150,0.012253769
95300,0.012244857
95350,0.012241891
95400,0.012238927
95450,0.012235965
95500,0.012233006
95550,0.012230049
95600,0.012227094
95700,0.012221191
95800,0.012215297
95850,0.012212353
95900,0.012209412
95950,0.012206473
96000,0.012203536
96050,0.012200601
96100,0.012197668
96150,0.012194738
96200,0.01219181
96250,0.012188884
96300,0.01218596
96350,0.012183039
96400,0.01218012
96450,0.012177203
96550,0.012171375
96600,0.012168465
96650,0.012165556
96700,0.01216265
96750,0.012159746
96800,0.012156845
96850,0.012153945
96900,0.012151048
96950,0.012148153
97000,0.01214526
97050,0.012142369
97100,0.01213948
97150,0.012136593
97200,0.012133709
97300,0.012127947
97350,0.012125069
97400,0.012122193
97450,0.01211932
97500,0.012116448
97550,0.012113579
97600,0.012110712
97650,0.012107847
97700,0.012104984
97750,0.012102123
97800,0.012099264
97850,0.012096408
97900,0.012093553
97950,0.012090701
98000,0.012087851
98050,0.012085003
98100,0.012082157
98150,0.012079313
98200,0.012076471
98250,0.012073632
98300,0.012070794
98350,0.012067959
98400,0.012065125
98450,0.012062294
98500,0.012059465
98550,0.012056638
98600,0.012053813
98650,0.01205099
98700,0.012048169
98750,0.012045351
98800,0.012042534
98850,0.012039719
98900,0.012036907
98950,0.012034096
99000,0.012031288
99100,0.012025678
99150,0.012022875
99200,0.012020075
99250,0.012017277
99300,0.012014481
99350,0.012011687
99400,0.012008895
99450,0.012006105
99500,0.012003317
99550,0.012000532
99700,0.011992186
99750,0.011989409
99800,0.011986633
99850,0.011983859
99900,0.011981088
99950,0.011978318
100000,0.011975551
100050,0.011972785
100100,0.011970021
100150,0.01196726
100200,0.0119645
100250,0.011961743
100300,0.011958987
100350,0.011956234
100400,0.011953482
100450,0.011950732
100500,0.011947985
100550,0.011945239
100600,0.011942496
100650,0.011939754
100700,0.011937014
100750,0.011934277
100800,0.011931541
100850,0.011928807
100900,0.011926076
100950,0.011923346
101000,0.011920618
101050,0.011917892
101100,0.011915168
101150,0.011912446
101200,0.011909726
101250,0.011907008
101300,0.011904292
101350,0.011901578
101400,0.011898866
101450,0.011896156
101550,0.011890741
101600,0.011888037
101650,0.011885334
101700,0.011882634
101750,0.011879935
101850,0.011874544
101950,0.01186916
102100,0.011861099
102150,0.011858416
102200,0.011855734
102250,0.011853055
102300,0.011850378
102350,0.011847702
102400,0.011845028
102450,0.011842356
102500,0.011839687
102550,0.011837018
102600,0.011834352
102650,0.011831688
102750,0.011826365
102800,0.011823707
102850,0.01182105
102900,0.011818395
102950,0.011815742
103000,0.011813091
103050,0.011810442
103100,0.011807795
103150,0.011805149
103200,0.011802506
103250,0.011799864
103350,0.011794586
103400,0.01179195
103450,0.011789316
103550,0.011784053
103600,0.011781424
103650,0.011778797
103700,0.011776172
103750,0.011773549
103800,0.011770927
103900,0.01176569
103950,0.011763074
104000,0.01176046
104050,0.011757848
104100,0.011755237
104150,0.011752629
104200,0.011750022
104250,0.011747417
104300,0.011744814
104350,0.011742213
104400,0.011739613
104450,0.011737016
104500,0.01173442
104550,0.011731826
104600,0.011729234
104650,0.011726643
104700,0.011724054
104750,0.011721468
104800,0.011718883
104850,0.011716299
104900,0.011713718
104950,0.011711138
105000,0.01170856
105050,0.011705984
105100,0.01170341
105150,0.011700837
105200,0.011698266
105250,0.011695697
105300,0.01169313
105350,0.011690565
105400,0.011688001
105450,0.011685439
105500,0.011682879
105550,0.011680321
105600,0.011677764
105650,0.011675209
105700,0.011672656
105750,0.011670105
105800,0.011667555
105850,0.011665008
105900,0.011662461
105950,0.011659917
106000,0.011657375
106050,0.011654834
106100,0.011652295
106150,0.011649757
106200,0.011647222
106300,0.011642156
106350,0.011639625
106400,0.011637097
106450,0.01163457
106500,0.011632045
106550,0.011629521
106600,0.011626999
106650,0.011624479
106700,0.011621961
106750,0.011619444
106800,0.011616929
106850,0.011614416
106900,0.011611905
107000,0.011606887
107050,0.011604381
107150,0.011599373
107200,0.011596872
107300,0.011591874
107350,0.011589378
107400,0.011586884
107450,0.011584391
107500,0.0115819
107550,0.01157941
107600,0.011576923
107650,0.011574437
107700,0.011571952
107750,0.01156947
107800,0.011566988
107850,0.011564509
107900,0.011562031
108000,0.011557081
108050,0.011554609
108100,0.011552138
108150,0.011549668
108200,0.0115472
108250,0.011544734
108300,0.01154227
108350,0.011539807
108400,0.011537346
108450,0.011534887
108500,0.011532429
108550,0.011529973
108600,0.011527519
108650,0.011525066
108700,0.011522615
108800,0.011517717
108850,0.011515271
108900,0.011512826
108950,0.011510383
109000,0.011507942
109050,0.011505502
109100,0.011503064
109150,0.011500628
109200,0.011498193
109250,0.01149576
109300,0.011493328
109350,0.011490898
109400,0.01148847
109450,0.011486043
109500,0.011483618
109550,0.011481194
109600,0.011478772
109650,0.011476352
109700,0.011473933
109750,0.011471516
109800,0.011469101
109850,0.011466687
109900,0.011464274
109950,0.011461864
110000,0.011459455
110050,0.011457047
110100,0.011454641
110150,0.011452237
110200,0.011449834
110250,0.011447433
110300,0.011445033
110350,0.011442635
110450,0.011437844
110500,0.011435451
110550,0.011433059
110600,0.011430669
110650,0.01142828
110700,0.011425894
110750,0.011423508
110800,0.011421124
110850,0.011418742
110900,0.011416361
110950,0.011413982
111000,0.011411605
111050,0.011409229
111100,0.011406854
111150,0.011404481
111200,0.01140211
111250,0.01139974
111300,0.011397372
111350,0.011395005
111400,0.01139264
111450,0.011390276
111500,0.011387914
111550,0.011385554
111600,0.011383195
111700,0.011378481
111750,0.011376127
111800,0.011373774
111850,0.011371423
111900,0.011369073
111950,0.011366725
112000,0.011364378
112050,0.011362033
112100,0.011359689
112150,0.011357347
112200,0.011355006
112250,0.011352667
112350,0.011347993
112400,0.011345659
112450,0.011343325
112550,0.011338664
112600,0.011336335
112650,0.011334008
112700,0.011331683
112750,0.011329359
112800,0.011327036
112850,0.011324715
112900,0.011322395
112950,0.011320077
113000,0.011317761
113050,0.011315446
113100,0.011313132
113150,0.01131082
113250,0.0113062
113300,0.011303892
113350,0.011301586
113400,0.011299282
113450,0.011296978
113500,0.011294677
113550,0.011292376
113600,0.011290078
113650,0.01128778
113700,0.011285484
113750,0.01128319
113800,0.011280897
113900,0.011276316
113950,0.011274027
114050,0.011269455
114150,0.011264888
114200,0.011262607
114250,0.011260327
114300,0.011258048
114350,0.011255772
114400,0.011253496
114450,0.011251222
114500,0.01124895
114550,0.011246679
114600,0.011244409
114650,0.011242141
114700,0.011239874
114800,0.011235345
114900,0.011230821
114950,0.011228562
115000,0.011226304
115050,0.011224047
115100,0.011221792
115150,0.011219538
115200,0.011217285
115250,0.011215034
115300,0.011212785
115350,0.011210536
115400,0.01120829
115450,0.011206044
115550,0.011201558
115600,0.011199317
115650,0.011197077
115750,0.011192602
115800,0.011190366
115850,0.011188132
115900,0.0111859
115950,0.011183668
116000,0.011181438
116050,0.01117921
116100,0.011176983
116150,0.011174757
116200,0.011172533
116250,0.01117031
116300,0.011168088
116350,0.011165868
116400,0.01116365
116450,0.011161432
116500,0.011159216
116550,0.011157002
116600,0.011154789
116700,0.011150366
116750,0.011148157
116800,0.01114595
116850,0.011143743
116950,0.011139335
117000,0.011137133
117050,0.011134932
117100,0.011132732
117150,0.011130534
117200,0.011128338
117250,0.011126142
117300,0.011123948
117350,0.011121756
117400,0.011119564
117450,0.011117375
117500,0.011115186
117550,0.011112999
117600,0.011110813
117750,0.011104264
117800,0.011102083
117900,0.011097726
117950,0.01109555
118000,0.011093375
118050,0.011091201
118100,0.011089029
118150,0.011086858
118200,0.011084688
118250,0.01108252
118300,0.011080353
118350,0.011078187
118400,0.011076022
118450,0.011073859
118500,0.011071698
118550,0.011069537
118600,0.011067378
118650,0.011065221
118700,0.011063064
118750,0.011060909
118800,0.011058755
118850,0.011056603
118900,0.011054452
119000,0.011050153
119050,0.011048006
119100,0.01104586
119200,0.011041572
119250,0.011039431
119300,0.01103729
119400,0.011033013
119450,0.011030876
119500,0.01102874
119550,0.011026606
119600,0.011024473
119650,0.011022342
119700,0.011020212
119750,0.011018083
119800,0.011015955
119850,0.011013829
119950,0.01100958
120000,0.011007457
120050,0.011005336
120150,0.011001098
120200,0.01099898
120250,0.010996864
120350,0.010992636
120450,0.010988413
120500,0.010986303
120550,0.010984195
120600,0.010982088
120700,0.010977877
120750,0.010975774
120800,0.010973672
120850,0.010971571
120900,0.010969472
120950,0.010967373
121000,0.010965276
121050,0.010963181
121100,0.010961086
121150,0.010958993
121200,0.010956901
121250,0.01095481
121300,0.010952721
121350,0.010950633
121400,0.010948546
121450,0.01094646
121500,0.010944376
121550,0.010942292
121650,0.01093813
121700,0.01093605
121750,0.010933972
121800,0.010931895
121850,0.010929819
121900,0.010927745
121950,0.010925672
122000,0.0109236
122050,0.010921529
122100,0.010919459
122150,0.010917391
122200,0.010915324
122250,0.010913258
122300,0.010911194
122350,0.01090913
122400,0.010907068
122450,0.010905007
122500,0.010902947
122550,0.010900889
122600,0.010898832
122650,0.010896776
122700,0.010894721
122750,0.010892667
122800,0.010890615
122850,0.010888564
122900,0.010886514
122950,0.010884465
123000,0.010882417
123050,0.010880371
123100,0.010878326
123150,0.010876282
123200,0.010874239
123250,0.010872198
123300,0.010870158
123400,0.010866081
123450,0.010864044
123500,0.010862009
123550,0.010859974
123600,0.010857941
123650,0.010855909
123700,0.010853879
123800,0.010849821
123850,0.010847794
123900,0.010845768
123950,0.010843743
124000,0.01084172
124050,0.010839697
124200,0.010833637
124300,0.010829603
124350,0.010827588
124400,0.010825574
124450,0.010823561
124500,0.01082155
124550,0.010819539
124600,0.01081753
124650,0.010815521
124700,0.010813514
124750,0.010811509
124800,0.010809504
124850,0.0108075
124900,0.010805498
124950,0.010803497
125000,0.010801497
125050,0.010799498
125150,0.010795504
125200,0.010793509
125250,0.010791514
125300,0.010789521
125350,0.01078753
125450,0.010783549
125600,0.010777588
125650,0.010775603
125750,0.010771636
125800,0.010769655
125850,0.010767674
125950,0.010763717
126000,0.01076174
126050,0.010759764
126100,0.01075779
126150,0.010755816
126200,0.010753844
126250,0.010751873
126350,0.010747934
126400,0.010745966
126500,0.010742033
126550,0.010740069
126600,0.010738106
126650,0.010736144
126700,0.010734183
126750,0.010732223
126800,0.010730264
